-- MySQL dump 10.13  Distrib 8.0.43, for Linux (x86_64)
--
-- Host: localhost    Database: spmjp_dev_db
-- ------------------------------------------------------
-- Server version	8.0.43-0ubuntu0.24.04.2

/*!40101 SET @OLD_CHARACTER_SET_CLIENT=@@CHARACTER_SET_CLIENT */;
/*!40101 SET @OLD_CHARACTER_SET_RESULTS=@@CHARACTER_SET_RESULTS */;
/*!40101 SET @OLD_COLLATION_CONNECTION=@@COLLATION_CONNECTION */;
/*!50503 SET NAMES utf8mb4 */;
/*!40103 SET @OLD_TIME_ZONE=@@TIME_ZONE */;
/*!40103 SET TIME_ZONE='+00:00' */;
/*!40014 SET @OLD_UNIQUE_CHECKS=@@UNIQUE_CHECKS, UNIQUE_CHECKS=0 */;
/*!40014 SET @OLD_FOREIGN_KEY_CHECKS=@@FOREIGN_KEY_CHECKS, FOREIGN_KEY_CHECKS=0 */;
/*!40101 SET @OLD_SQL_MODE=@@SQL_MODE, SQL_MODE='NO_AUTO_VALUE_ON_ZERO' */;
/*!40111 SET @OLD_SQL_NOTES=@@SQL_NOTES, SQL_NOTES=0 */;

--
-- Table structure for table `countries`
--

DROP TABLE IF EXISTS `countries`;
/*!40101 SET @saved_cs_client     = @@character_set_client */;
/*!50503 SET character_set_client = utf8mb4 */;
CREATE TABLE `countries` (
  `id` varchar(60) NOT NULL,
  `created_at` datetime NOT NULL,
  `updated_at` datetime NOT NULL,
  `name` varchar(128) NOT NULL,
  PRIMARY KEY (`id`)
) ENGINE=InnoDB DEFAULT CHARSET=utf8mb4 COLLATE=utf8mb4_0900_ai_ci;
/*!40101 SET character_set_client = @saved_cs_client */;

--
-- Dumping data for table `countries`
--

LOCK TABLES `countries` WRITE;
/*!40000 ALTER TABLE `countries` DISABLE KEYS */;
INSERT INTO `countries` VALUES ('0015d36b-b449-4143-8a65-90a0d52d3166','2025-07-20 12:32:54','2025-07-20 12:32:54','Peru'),('00e8d339-06d7-4758-876c-700fc0458d8a','2025-07-20 12:32:54','2025-07-20 12:32:54','Ecuador'),('01ef45b7-a0be-4136-9403-0fec345c30c7','2025-07-27 09:11:24','2025-07-27 09:11:25','Russia'),('0389b69a-e25c-4664-9880-a40c627c4cfa','2025-07-27 08:50:27','2025-07-27 08:50:27','Latvia'),('11720a38-09d0-46ed-aaf8-a28039046e59','2025-07-16 11:25:43','2025-07-16 11:25:43','Sweden'),('12eef5c0-e555-44a4-a51b-d8fa8d826be6','2025-08-16 11:36:42','2025-08-16 11:36:42','France'),('139b1f3a-8b45-4bf1-9161-81ae4d1045f9','2025-07-16 15:40:30','2025-07-16 15:40:30','Ireland'),('1646653a-26b7-43cc-a436-dc91df54c87c','2025-11-16 06:07:02','2025-11-16 06:07:03','International'),('16bc68b7-c1d6-46e2-874c-cce33ed51105','2025-08-16 11:36:42','2025-08-16 11:36:42','Scotland'),('1d277d4d-38fe-4473-a428-6b5a39949e18','2025-07-20 12:32:54','2025-07-20 12:32:54','Poland'),('220455ae-df9f-4c5e-860b-e3fd7a5be49f','2025-10-18 06:51:31','2025-10-18 06:51:31','Turkey'),('22dec092-055c-42bc-bda3-c5c9f61612cf','2025-07-16 11:26:54','2025-07-16 11:26:54','China'),('24a2a834-c519-4d08-8245-eae60f03ae0c','2025-07-12 23:12:14','2025-07-12 23:12:15','England'),('25443ebb-75c2-4455-86cf-10276008ee15','2025-09-06 11:43:29','2025-09-06 11:43:29','Uruguay'),('329c6dad-a3db-4cfa-98eb-1b5dc334e852','2025-07-20 12:32:53','2025-07-20 12:32:53','Iceland'),('34ea3b43-f1d7-4840-9924-c4434fc8da02','2025-09-27 08:00:18','2025-09-27 08:00:19','Slovakia'),('382aebc0-28d5-4c44-964b-8a1015f6f7a0','2025-07-17 08:55:38','2025-07-17 08:55:38','Colombia'),('399e9079-8e51-49c0-bdc3-2c985df175b4','2025-08-03 06:47:33','2025-08-03 06:47:34','Hungary'),('3a389de7-3328-448e-867d-b76d9fe0292b','2025-08-22 22:05:54','2025-08-22 22:05:54','Croatia'),('3ca1da65-d54d-4861-9100-cf08d14a5d3c','2025-07-17 15:56:41','2025-07-17 15:56:41','Finland'),('3d51df9b-4e4f-4873-93cb-771c8fffa585','2025-08-16 11:36:41','2025-08-16 11:36:41','Spain'),('40ffc72b-103f-43a2-8226-ead8b00b6e61','2025-07-16 11:25:18','2025-07-16 11:25:18','Norway'),('504a8512-93d5-4c9a-948d-00ea048ca493','2025-08-03 11:01:14','2025-08-03 11:01:14','Paraguay'),('5b658563-9bc6-4b6b-b15d-125c64af71b8','2025-07-20 12:32:54','2025-07-20 12:32:54','Slovenia'),('5c58c4af-0773-4ec2-9206-ecec8fca0b8b','2025-08-03 10:21:01','2025-08-03 10:21:01','Germany'),('5d8a989b-5067-4763-94ea-8d2514b4d73b','2025-07-27 09:44:22','2025-07-27 09:44:22','Chile'),('62e41745-ee54-4e2b-b9e7-c48ef3adb2df','2025-08-16 11:36:39','2025-08-16 11:36:41','Netherlands'),('781bd6e2-6df6-42eb-9ece-8a54e73f4760','2025-08-02 10:12:39','2025-08-02 10:12:39','Ukraine'),('7b0f7a18-cf11-484d-a5d8-38e16859faea','2025-08-02 09:54:14','2025-08-02 09:54:15','Switzerland'),('7b35b5e6-18f8-4879-8488-3f5e2bbbf03a','2025-07-20 12:32:53','2025-07-20 12:32:53','Belgium'),('7b42e63c-5650-425d-aac3-0d6097d65f47','2025-07-16 11:24:43','2025-07-16 11:24:43','Argentina'),('8ba3dde8-7f81-4776-a303-007ec2d1e9b9','2025-07-20 12:32:52','2025-07-20 12:32:52','Czechia'),('8d29a903-fb9a-475e-869f-18bc22b52fc5','2025-09-20 09:22:00','2025-09-20 09:22:00','Greece'),('8f972757-6603-4113-91ed-83837d33cb1d','2025-11-21 09:48:37','2025-11-21 09:48:38','South Africa'),('aaf4263a-d53e-49bb-93db-de62956fc23a','2025-07-17 14:22:11','2025-07-17 14:22:11','Sweden'),('b01f2cd1-0059-4106-b757-f1adf9fbb6aa','2025-07-20 12:32:53','2025-07-20 12:32:53','Mexico'),('b14b4eed-3d6f-4103-aae3-d6117e730a4a','2025-08-13 06:50:07','2025-08-13 06:50:12','Portugal'),('bd3daa4e-94cc-46bc-a8b8-7ec6e1122a6a','2025-09-06 10:08:25','2025-09-06 10:08:25','Europe'),('c72e0af2-3185-44ae-8c38-d3225f5ab5e1','2025-07-27 09:42:40','2025-07-27 09:42:40','Serbia'),('c7c5c514-6c58-460b-9608-561e7e004ae2','2025-11-21 09:04:42','2025-11-21 09:04:43','Egypt'),('c92f9f05-a701-4015-b3f5-c34d29babeab','2025-07-20 12:32:53','2025-07-20 12:32:53','Estonia'),('d1f9492b-22ae-4bba-b5f4-a6863ee5d2a0','2025-11-16 06:12:24','2025-11-16 06:12:24','Japan'),('dab4ea76-d1d6-4bfd-9ae3-72e4730ea47b','2025-08-22 21:28:43','2025-08-22 21:28:44','Italy'),('dc648be9-ded8-474f-8835-46b928165b2a','2025-07-27 09:33:49','2025-07-27 09:33:49','Denmark'),('e2382ec5-990d-4fcb-9ef4-a51be3d0bec4','2025-08-30 10:07:52','2025-08-30 10:07:53','Israel'),('eb558f96-e29c-4085-96c4-914f43eeab74','2025-07-16 11:26:03','2025-07-16 11:26:04','USA'),('ef937503-e17c-406e-8e58-5c111fd413a4','2025-11-01 12:37:50','2025-11-01 12:37:50','Austria'),('f219bb9e-4bea-4c73-8704-cd14afcea2d4','2025-07-20 12:32:53','2025-07-20 12:32:53','Romania'),('f64d0aea-35cd-421b-b213-becb257f3efb','2025-07-16 08:28:01','2025-07-16 08:28:02','Brazil');
/*!40000 ALTER TABLE `countries` ENABLE KEYS */;
UNLOCK TABLES;

--
-- Table structure for table `leagues`
--

DROP TABLE IF EXISTS `leagues`;
/*!40101 SET @saved_cs_client     = @@character_set_client */;
/*!50503 SET character_set_client = utf8mb4 */;
CREATE TABLE `leagues` (
  `id` varchar(60) NOT NULL,
  `created_at` datetime NOT NULL,
  `updated_at` datetime NOT NULL,
  `country_id` varchar(60) NOT NULL,
  `name` varchar(128) NOT NULL,
  PRIMARY KEY (`id`),
  KEY `country_id` (`country_id`),
  CONSTRAINT `leagues_ibfk_1` FOREIGN KEY (`country_id`) REFERENCES `countries` (`id`)
) ENGINE=InnoDB DEFAULT CHARSET=utf8mb4 COLLATE=utf8mb4_0900_ai_ci;
/*!40101 SET character_set_client = @saved_cs_client */;

--
-- Dumping data for table `leagues`
--

LOCK TABLES `leagues` WRITE;
/*!40000 ALTER TABLE `leagues` DISABLE KEYS */;
INSERT INTO `leagues` VALUES ('02be4642-a819-45c7-8c42-9f54d4a75618','2025-07-17 07:31:18','2025-07-17 07:31:18','eb558f96-e29c-4085-96c4-914f43eeab74','USL Championship'),('0958c66c-c7a9-4a82-bd65-cd406fe83184','2025-11-16 06:08:05','2025-11-16 06:08:05','1646653a-26b7-43cc-a436-dc91df54c87c','Friendly'),('1527b64d-cf8c-400d-ab1f-3a1c5972a7c0','2025-08-29 18:35:51','2025-08-29 18:35:53','16bc68b7-c1d6-46e2-874c-cce33ed51105','Premiership'),('177b1bea-a488-43a0-a150-5e1bc711f94f','2025-07-17 16:44:32','2025-07-17 16:44:32','f64d0aea-35cd-421b-b213-becb257f3efb','Serie A'),('1a9d0dbf-cf3f-4e2c-b3f0-ab26efd15b19','2025-11-01 07:18:11','2025-11-01 07:18:14','5c58c4af-0773-4ec2-9206-ecec8fca0b8b','2. Bundesliga'),('2e759035-520b-46ad-aaae-5a5e110565ed','2025-07-27 11:40:01','2025-07-27 11:40:01','5d8a989b-5067-4763-94ea-8d2514b4d73b','Primera Division'),('2f0362d2-eff6-49bf-ba28-f1dbe9c547c2','2025-09-27 06:20:51','2025-09-27 06:20:53','7b35b5e6-18f8-4879-8488-3f5e2bbbf03a','Challenger Pro'),('3145feeb-feb7-4053-aa1d-225d54c5c910','2025-08-03 11:02:43','2025-08-03 11:02:43','504a8512-93d5-4c9a-948d-00ea048ca493','Division Profesional'),('375cb4f2-b469-404a-a7f9-c1572dc13c14','2025-09-20 09:24:39','2025-09-20 09:24:39','8d29a903-fb9a-475e-869f-18bc22b52fc5','Super League 1'),('3875010c-a8e7-4139-abce-d2b63b892128','2025-08-03 06:50:44','2025-08-03 06:50:44','399e9079-8e51-49c0-bdc3-2c985df175b4','NB II'),('3a83fb53-768f-4f9d-a217-f3d9f0a89ea9','2025-07-27 09:47:01','2025-07-27 09:47:01','5d8a989b-5067-4763-94ea-8d2514b4d73b','Primera B'),('3f0b1364-6ede-4bff-a0ed-e1b3a4dc741f','2025-08-22 21:30:43','2025-08-22 21:30:43','dab4ea76-d1d6-4bfd-9ae3-72e4730ea47b','Serie A'),('40bd6dff-cf30-4d42-bfa4-3779b2141d42','2025-07-20 13:09:07','2025-07-20 13:09:07','f64d0aea-35cd-421b-b213-becb257f3efb','Serie B'),('40c449f6-c3a4-4a26-bfdd-a472da95d12b','2025-08-16 16:16:37','2025-08-16 16:16:39','12eef5c0-e555-44a4-a51b-d8fa8d826be6','Ligue 1'),('4451d678-33cb-4b95-b8fa-21a0a51ed858','2025-08-02 10:14:25','2025-08-02 10:14:26','781bd6e2-6df6-42eb-9ece-8a54e73f4760','Premier League'),('45124463-2617-4915-be32-50e76960b505','2025-11-01 12:41:11','2025-11-01 12:41:11','ef937503-e17c-406e-8e58-5c111fd413a4','Bundesliga'),('458ef1d6-3001-4101-aa96-85d46a4624cb','2025-07-20 13:09:07','2025-07-20 13:09:07','1d277d4d-38fe-4473-a428-6b5a39949e18','Ekstraklasa'),('4722dcc7-0209-4176-9b05-3e9cf2c929b8','2025-07-13 00:03:41','2025-07-13 00:03:41','24a2a834-c519-4d08-8245-eae60f03ae0c','Premier League'),('48d5c321-e210-47bf-abfd-94e6bc5bb308','2025-07-17 07:27:34','2025-07-17 07:27:35','eb558f96-e29c-4085-96c4-914f43eeab74','MLS'),('4a9928bc-5708-4810-85d2-5266211f29ee','2025-08-30 16:31:57','2025-08-30 16:31:57','5c58c4af-0773-4ec2-9206-ecec8fca0b8b','Bundesliga'),('4b9309e9-8580-464f-b381-53dc25d95c8c','2025-09-06 11:44:32','2025-09-06 11:44:32','25443ebb-75c2-4455-86cf-10276008ee15','Liga AUF'),('4e000074-2fca-4f46-9fda-89685a93f3c8','2025-07-27 09:56:25','2025-07-27 09:56:25','c72e0af2-3185-44ae-8c38-d3225f5ab5e1','Super Liga'),('52f9ec6e-4eff-4834-840e-b07b04b5a4f5','2025-11-16 06:13:10','2025-11-16 06:13:10','d1f9492b-22ae-4bba-b5f4-a6863ee5d2a0','Emperors Cup'),('55ff3dde-5066-48a4-a297-d3ffd9530912','2025-10-18 07:01:04','2025-10-18 07:01:05','220455ae-df9f-4c5e-860b-e3fd7a5be49f','Super Lig'),('5e5ba6bc-197b-42af-a16f-4e5f0590d172','2025-07-20 13:09:07','2025-07-20 13:09:07','0015d36b-b449-4143-8a65-90a0d52d3166','Primera Division'),('62287133-4a2b-4e06-b987-bcced36828ec','2025-07-20 13:09:06','2025-07-20 13:09:06','7b35b5e6-18f8-4879-8488-3f5e2bbbf03a','First Division A'),('62acb8ed-da51-491f-92db-bc73b1e7b344','2025-07-27 08:53:02','2025-07-27 08:53:03','0389b69a-e25c-4664-9880-a40c627c4cfa','Virsliga'),('63d80fac-cc75-45e5-84dc-992a6695097f','2025-07-27 09:35:22','2025-07-27 09:35:22','dc648be9-ded8-474f-8835-46b928165b2a','Superliga'),('659e96bd-eb6b-41d3-823b-e8e1857549e5','2025-07-27 09:25:54','2025-07-27 09:25:54','1d277d4d-38fe-4473-a428-6b5a39949e18','I Liga'),('681705a3-4f87-40b3-89dd-122e6a82643a','2025-09-06 11:29:22','2025-09-06 11:29:22','1d277d4d-38fe-4473-a428-6b5a39949e18','II Liga'),('698f777d-223f-450d-9480-8e9d0f014848','2025-08-30 10:11:31','2025-08-30 10:11:31','e2382ec5-990d-4fcb-9ef4-a51be3d0bec4','Ligat Haal'),('69a04a7f-0d15-414a-b6f3-f9491032f6cc','2025-11-15 06:48:34','2025-11-15 06:48:35','24a2a834-c519-4d08-8245-eae60f03ae0c','League One'),('6a2f30d3-6374-4e4e-ac0b-31b6270876fa','2025-08-22 22:07:21','2025-08-22 22:07:21','3a389de7-3328-448e-867d-b76d9fe0292b','HNL'),('6de3e86c-5405-4ff9-9523-0dd469ad369a','2025-08-16 13:37:54','2025-08-16 13:37:54','3d51df9b-4e4f-4873-93cb-771c8fffa585','La Liga'),('72e7c331-25ac-48ac-a98d-7c9b7ddd61b3','2025-08-22 21:29:40','2025-08-22 21:29:40','dab4ea76-d1d6-4bfd-9ae3-72e4730ea47b','Italy'),('7639e361-6652-434a-b85c-2be6db26fcf8','2025-07-20 13:09:05','2025-07-20 13:09:05','8ba3dde8-7f81-4776-a303-007ec2d1e9b9','Czech Liga'),('77ef9181-8e34-4c2f-b856-bd5f0ff4d145','2025-10-25 12:02:06','2025-10-25 12:02:06','139b1f3a-8b45-4bf1-9161-81ae4d1045f9','Premier Division'),('7bd0a94e-79f1-4fd3-9bdc-dcc54ae94341','2025-11-15 08:50:38','2025-11-15 08:50:39','dab4ea76-d1d6-4bfd-9ae3-72e4730ea47b','Serie C - Group A'),('7bfcfdfb-5347-4959-bf45-38e5e08e2db3','2025-07-20 13:09:07','2025-07-20 13:09:07','b01f2cd1-0059-4106-b757-f1adf9fbb6aa','Liga MX'),('810469f2-abbd-40ec-a290-46ee9dfe10f6','2025-11-21 09:51:25','2025-11-21 09:51:25','8f972757-6603-4113-91ed-83837d33cb1d','Betway Premiership'),('8417f721-956a-43f9-a48e-7bf75c48d090','2025-07-17 08:56:47','2025-07-17 08:56:47','382aebc0-28d5-4c44-964b-8a1015f6f7a0','Primera A'),('8cf3b1e6-76a6-496d-8642-350b6c60d084','2025-11-15 07:08:51','2025-11-15 07:08:51','24a2a834-c519-4d08-8245-eae60f03ae0c','League Two'),('8ef00440-ac47-4ba2-9685-dd8a46753e45','2025-07-16 15:42:54','2025-07-16 15:42:54','139b1f3a-8b45-4bf1-9161-81ae4d1045f9','First Division'),('9ca25dac-c230-4aad-b9e9-5d6cd8e8688d','2025-07-20 13:09:07','2025-07-20 13:09:07','5b658563-9bc6-4b6b-b15d-125c64af71b8','1. SNL'),('a002d4cd-b00b-48a9-9eb9-3e60d49d2c85','2025-09-27 08:45:27','2025-09-27 08:45:29','34ea3b43-f1d7-4840-9924-c4434fc8da02','Nike Liga'),('a325096e-428e-438c-8ab9-65999230dac5','2025-09-06 11:17:32','2025-09-06 11:17:36','504a8512-93d5-4c9a-948d-00ea048ca493','Division Intermedia'),('a50a5aa3-3282-4d5b-814b-aa88cb9e13a1','2025-08-13 06:54:42','2025-08-13 06:54:42','b14b4eed-3d6f-4103-aae3-d6117e730a4a','Segunda Liga'),('a9185664-e680-4d5e-92ec-fdf11adf56b4','2025-09-06 12:01:48','2025-09-06 12:01:48','3d51df9b-4e4f-4873-93cb-771c8fffa585','Primera Division RFEF'),('aebabbfd-28c9-4c69-bd3e-ad259a81fea3','2025-08-16 14:49:46','2025-08-16 14:49:47','16bc68b7-c1d6-46e2-874c-cce33ed51105','League Cup'),('b3ceaddd-96ad-4df6-94b9-9363c604ac65','2025-08-17 11:03:41','2025-08-17 11:03:46','3d51df9b-4e4f-4873-93cb-771c8fffa585','Segunda Liga'),('b51bc482-1cc8-4d22-b7d6-c8d30ae60103','2025-07-20 13:09:06','2025-07-20 13:09:06','f219bb9e-4bea-4c73-8704-cd14afcea2d4','Liga I'),('b9e5cad5-aa04-4033-968f-958119fb1aae','2025-08-16 13:37:50','2025-08-16 13:37:53','62e41745-ee54-4e2b-b9e7-c48ef3adb2df','Eerste Divisie'),('bc9826d4-3bc3-4d5d-b4db-e9f0c0f42f94','2025-07-27 09:13:08','2025-07-27 09:13:09','01ef45b7-a0be-4136-9403-0fec345c30c7','Premier League'),('bddb47f9-8cc4-44e3-8d0e-2a9a3582f9b3','2025-07-20 13:09:06','2025-07-20 13:09:06','c92f9f05-a701-4015-b3f5-c34d29babeab','Meistriliiga'),('bf19022a-a6ba-4b0d-be9b-cc482c1465ad','2025-08-22 22:15:56','2025-08-22 22:15:56','dab4ea76-d1d6-4bfd-9ae3-72e4730ea47b','Serie B'),('bf6430f1-b07c-4f27-8239-ff80e5362277','2025-08-02 09:57:42','2025-08-02 09:57:42','7b0f7a18-cf11-484d-a5d8-38e16859faea','Super League'),('c02fbb39-557b-4938-aefc-0e38208440c4','2025-07-20 13:09:07','2025-07-20 13:09:07','00e8d339-06d7-4758-876c-700fc0458d8a','Liga Pro'),('c0b2895d-730e-4169-8221-59dffa97d788','2025-08-03 10:21:47','2025-08-03 10:21:48','5c58c4af-0773-4ec2-9206-ecec8fca0b8b','3. Liga'),('c3448dc4-b900-4015-8a19-5ecc4baa7849','2025-08-16 15:01:27','2025-08-16 15:01:27','b14b4eed-3d6f-4103-aae3-d6117e730a4a','Primeira Liga'),('c62a0273-33eb-48e6-90b6-454e64a56549','2025-09-06 10:11:14','2025-09-06 10:11:14','bd3daa4e-94cc-46bc-a8b8-7ec6e1122a6a','WC Qualifiers'),('ca134be6-3a38-4e0f-8e52-a6502cb8c0dc','2025-11-21 09:10:12','2025-11-21 09:10:12','c7c5c514-6c58-460b-9608-561e7e004ae2','Premier League'),('ceda5196-df31-4a73-a350-a98fec17f15a','2025-07-17 16:02:06','2025-07-17 16:02:06','3ca1da65-d54d-4861-9100-cf08d14a5d3c','Ykkosliiga'),('d86e1297-98ab-4b8f-97e0-e6f5758b8516','2025-07-27 11:56:58','2025-07-27 11:56:58','f64d0aea-35cd-421b-b213-becb257f3efb','Serie C'),('de3db86b-0432-4ce2-bc8d-a04948a46aa7','2025-07-17 15:18:31','2025-07-17 15:18:31','40ffc72b-103f-43a2-8226-ead8b00b6e61','Eliteserien'),('eca82857-4084-4950-a311-1162b8e7b817','2025-08-16 13:37:53','2025-08-16 13:37:53','62e41745-ee54-4e2b-b9e7-c48ef3adb2df','Eredivisie'),('f0ffa9fc-38e2-4f1d-a524-e9abbf268183','2025-07-17 14:59:57','2025-07-17 14:59:57','11720a38-09d0-46ed-aaf8-a28039046e59','Allsvenskan'),('f48c8dac-5740-43d7-9448-3a25a27a789a','2025-07-20 13:09:08','2025-07-20 13:09:08','329c6dad-a3db-4cfa-98eb-1b5dc334e852','Besta Deild'),('fbb91e79-11a1-4581-bae7-21d0272217a6','2025-07-13 00:05:54','2025-07-13 00:05:54','24a2a834-c519-4d08-8245-eae60f03ae0c','Championship'),('fc3a760e-7451-490c-896b-1b9ce89c120a','2025-07-16 11:29:57','2025-07-16 11:29:57','7b42e63c-5650-425d-aac3-0d6097d65f47','Primera Nacional'),('fc899226-1b00-42ff-a997-0f82510f575e','2025-07-17 13:59:58','2025-07-17 14:00:00','22dec092-055c-42bc-bda3-c5c9f61612cf','China League One'),('ff9706de-402c-4ea5-b0c5-5a1bb22f6861','2025-09-06 10:43:06','2025-09-06 10:43:06','7b42e63c-5650-425d-aac3-0d6097d65f47','Super Copa');
/*!40000 ALTER TABLE `leagues` ENABLE KEYS */;
UNLOCK TABLES;

--
-- Table structure for table `matches`
--

DROP TABLE IF EXISTS `matches`;
/*!40101 SET @saved_cs_client     = @@character_set_client */;
/*!50503 SET character_set_client = utf8mb4 */;
CREATE TABLE `matches` (
  `id` varchar(60) NOT NULL,
  `created_at` datetime NOT NULL,
  `updated_at` datetime NOT NULL,
  `league_id` varchar(60) NOT NULL,
  `match_id` int NOT NULL,
  `home_team` varchar(60) NOT NULL,
  `away_team` varchar(60) NOT NULL,
  `h_t_odds` float NOT NULL,
  `x_odds` float NOT NULL,
  `a_t_odds` float NOT NULL,
  `h_t_pos` int NOT NULL,
  `a_t_pos` int NOT NULL,
  `h_t_form` varchar(10) DEFAULT NULL,
  `a_t_form` varchar(10) DEFAULT NULL,
  `h_t_win` int NOT NULL,
  `a_t_win` int NOT NULL,
  `h_t_draw` int NOT NULL,
  `a_t_draw` int NOT NULL,
  `h_t_lose` int NOT NULL,
  `a_t_lose` int NOT NULL,
  `h_t_win_percent` int NOT NULL,
  `a_t_win_percent` int NOT NULL,
  `results` varchar(10) DEFAULT NULL,
  `outcome` varchar(10) DEFAULT NULL,
  PRIMARY KEY (`id`),
  KEY `league_id` (`league_id`),
  CONSTRAINT `matches_ibfk_1` FOREIGN KEY (`league_id`) REFERENCES `leagues` (`id`)
) ENGINE=InnoDB DEFAULT CHARSET=utf8mb4 COLLATE=utf8mb4_0900_ai_ci;
/*!40101 SET character_set_client = @saved_cs_client */;

--
-- Dumping data for table `matches`
--

LOCK TABLES `matches` WRITE;
/*!40000 ALTER TABLE `matches` DISABLE KEYS */;
INSERT INTO `matches` VALUES ('03f3975d-1af5-4ccf-8abf-9617d9117076','2025-08-30 17:48:49','2025-08-30 17:48:49','40c449f6-c3a4-4a26-bfdd-a472da95d12b',489,'Lyon','Marseille',2.85,3.75,2.37,2,7,'WW','WL',2,1,0,0,0,1,100,50,'1:0','1'),('051715fc-f408-4dd6-bb1e-51681d5066ed','2025-11-18 15:42:56','2025-11-18 15:42:56','8cf3b1e6-76a6-496d-8642-350b6c60d084',662,'Fleetwood','Swindon',2.5,3.4,2.46,13,2,'LWDWL','WDDLW',6,9,4,2,5,4,47,53,'1:1','x'),('05b97311-1c0d-4feb-a077-c71dab85fb8e','2025-11-25 07:21:03','2025-11-25 07:21:03','6de3e86c-5405-4ff9-9523-0dd469ad369a',677,'Oviedo','Rayo Vallecano',3.5,3.5,2.23,20,12,'LDDLL','DLWWW',2,4,2,3,8,5,13,67,'0:0','x'),('05c9a8c4-1ddd-4971-8ea8-8a98ce946873','2025-11-25 07:21:03','2025-11-25 07:21:04','de3db86b-0432-4ce2-bc8d-a04948a46aa7',678,'Bryne','Sarpsborg',2.27,3.55,2.8,14,11,'LWLDL','LLWLW',7,9,7,8,14,11,27,40,'0:3','2'),('05d0a653-b190-4067-b2fb-d74ed2f1dc0b','2025-08-30 17:47:55','2025-08-30 17:47:55','c3448dc4-b900-4015-8a19-5ecc4baa7849',476,'Tondela','Estoril',2.95,3.1,2.5,18,13,'LLL','LD',0,0,0,1,0,1,0,33,'2:2','x'),('0753a45f-aa53-4c01-ba88-42f3071eea11','2025-11-29 10:08:22','2025-11-29 10:08:23','6de3e86c-5405-4ff9-9523-0dd469ad369a',698,'Real Sociedad','Villareal',2.9,3.45,2.49,9,3,'WDWWD','WWWWD',4,9,4,2,5,2,73,87,'2:3','2'),('083564c8-443e-4e77-b34d-c20b7ed08177','2025-08-27 15:22:15','2025-08-27 15:22:15','40c449f6-c3a4-4a26-bfdd-a472da95d12b',468,'Lille','Monaco',3.1,3.6,2.26,9,2,'D','W',0,1,1,0,0,0,33,100,'1:0','1'),('08a3b4ad-a4b8-4bfe-8abb-e75f6315e3ce','2025-11-01 13:46:49','2025-11-01 13:46:49','eca82857-4084-4950-a311-1162b8e7b817',629,'Groningen','Twente',2.8,3.4,2.38,5,8,'WLWLW','LDWWW',6,4,0,2,4,4,60,67,'1:1','x'),('08c10cc4-1f52-482e-9dbb-8f54bb706514','2025-11-25 07:21:02','2025-11-25 07:21:03','1a9d0dbf-cf3f-4e2c-b3f0-ab26efd15b19',676,'Nurnberg','Arminia Bielefeld',2.34,3.55,2.75,11,9,'WWDDW','WDWLL',4,5,3,2,5,5,73,47,'2:0','1'),('097799dc-8a25-4fcb-907f-1403615ca38f','2025-11-08 17:52:40','2025-11-08 17:52:40','6de3e86c-5405-4ff9-9523-0dd469ad369a',655,'Valencia','Betis',3.3,3.5,2.23,18,5,'LLDLL','WLDWW',2,5,3,4,6,2,7,67,'1:1','x'),('099a2c5a-f1f2-412b-9c34-d903fe36f737','2025-11-18 15:42:48','2025-11-18 15:42:54','69a04a7f-0d15-414a-b6f3-f9491032f6cc',659,'Burton','Blackpool',2.29,3.45,2.85,15,21,'WDWLW','WWDLL',5,4,4,3,6,8,67,47,'1:0','1'),('0a5209f1-3e5f-4a9f-94e6-a1390f989eda','2025-08-22 17:16:01','2025-08-22 17:16:02','40c449f6-c3a4-4a26-bfdd-a472da95d12b',449,'Angers','Paris',3.15,3.45,2.32,0,0,NULL,NULL,0,0,0,0,0,0,0,0,'1:0','1'),('0abaafd1-944b-4614-add2-b39da1e40cd4','2025-08-03 17:00:49','2025-08-03 17:00:49','3875010c-a8e7-4139-abce-d2b63b892128',410,'Karcag','Soroksar',2.85,3.4,2.11,12,10,'L','D',0,0,0,1,1,0,0,33,'3:2','1'),('0aeecc9c-863f-40b4-bc9e-a42bd67cb070','2025-11-29 10:08:18','2025-11-29 10:08:20','4722dcc7-0209-4176-9b05-3e9cf2c929b8',692,'Sunderland','Bournemouth',3.1,3.35,2.37,7,8,'LDDWW','DLLWD',5,5,4,4,3,3,53,33,'3:2','1'),('0de5f7e0-de44-4c58-bb4a-1bc74754ba61','2025-08-27 15:19:36','2025-08-27 15:19:36','f0ffa9fc-38e2-4f1d-a524-e9abbf268183',458,'Varnamo','Hacken',2.9,3.65,2.16,0,0,NULL,NULL,0,0,0,0,0,0,0,0,'1:5','2'),('0eb823b2-9a1d-4717-9f26-5be308d6216b','2025-11-25 07:33:22','2025-11-25 07:33:22','4a9928bc-5708-4810-85d2-5266211f29ee',686,'St. Pauli','Union Berlin',2.47,3.3,3,16,11,'LLLLL','DDLWL',2,3,1,3,7,4,0,33,'0:1','2'),('0febd4f2-54a0-4632-908f-de8001336762','2025-07-27 16:30:03','2025-07-27 16:30:03','62287133-4a2b-4e06-b987-bcced36828ec',387,'OHL','Charleroi',2.8,3.35,2.46,0,0,NULL,NULL,0,0,0,0,0,0,0,0,'2:2','x'),('10f794cd-b5de-4ef2-91ba-15cd73f4d813','2025-08-27 15:19:39','2025-08-27 15:19:39','6a2f30d3-6374-4e4e-ac0b-31b6270876fa',463,'Osijek','Hajduk',2.9,3.1,2.31,9,2,'DLD','WWW',0,3,2,0,1,0,22,100,'0:2','2'),('1122452d-75b3-45d3-bb83-b4726fd49b98','2025-08-27 15:19:40','2025-08-27 15:19:40','659e96bd-eb6b-41d3-823b-e8e1857549e5',466,'P Sledlce','Puszcza',2.44,3.15,2.55,9,15,'DWWLLD','LDLDDD',2,0,2,4,2,2,44,22,'0:0','x'),('11a08a10-11bb-43f6-b7f6-5c3f2d78914c','2025-08-03 17:00:50','2025-08-03 17:00:50','3875010c-a8e7-4139-abce-d2b63b892128',412,'Bekescsaba','Szeged Csanad',3.4,3.25,1.93,7,6,'D','W',0,1,1,0,0,0,33,100,'1:1','x'),('130f4178-24c1-4f37-8867-3acf88dc33fc','2025-09-06 13:35:11','2025-09-06 13:35:11','a9185664-e680-4d5e-92ec-fdf11adf56b4',501,'Arenterio','Unionistas',2.39,2.85,2.85,16,17,'L','L',0,0,0,0,1,0,0,0,'1:0','1'),('14f42987-d939-4097-a028-d646b73c351e','2025-11-25 07:33:21','2025-11-25 07:33:21','b3ceaddd-96ad-4df6-94b9-9363c604ac65',682,'Huesca','Gijon',2.8,2.95,2.6,20,9,'LDLLD','DLDWW',4,6,3,2,7,6,13,53,'2:0','1'),('15b82eaf-78ce-4016-9077-23c040cd281b','2025-09-06 13:35:12','2025-09-06 13:35:12','fc3a760e-7451-490c-896b-1b9ce89c120a',506,'Central Norte','Agropecuario',2.08,2.9,3.5,14,9,'LWDDL','WDWWD',9,11,6,9,14,9,38,48,'0:2','2'),('173c0246-4104-4be5-9e31-8b55942f3426','2025-11-01 13:46:48','2025-11-01 13:46:48','1a9d0dbf-cf3f-4e2c-b3f0-ab26efd15b19',626,'Dussledorf','Kaiserslautern',2.44,3.6,2.6,13,5,'LLLWL','DWWLW',3,6,1,1,6,3,20,67,'1:1','x'),('1783f121-bb73-4089-8f1a-268304249cc2','2025-10-18 10:40:30','2025-10-18 10:40:30','7639e361-6652-434a-b85c-2be6db26fcf8',562,'Sigma Olomouc','Jablonec',2.41,3.35,2.6,8,3,'DDLWL','WWWWW',4,7,3,3,3,0,40,100,'2:0','1'),('18116e54-da03-4bd6-b007-731fc1afe652','2025-08-03 17:00:50','2025-08-03 17:00:50','3875010c-a8e7-4139-abce-d2b63b892128',413,'Tiszakecske','Mezokovesd',2.13,3.1,3.05,5,4,'W','W',1,1,0,0,0,0,100,100,'1:1','x'),('183b6943-5179-414f-b4a3-39802b8ad3b9','2025-07-27 16:45:17','2025-07-27 16:45:18','3a83fb53-768f-4f9d-a217-f3d9f0a89ea9',393,'Antofagasta','Wanderers',2.27,3.15,2.75,12,3,'DLWLLW','LLWLWW',5,7,6,6,6,4,41,53,'4:1','1'),('1a9bb7fa-9815-45f1-ac35-0e463b97e35a','2025-10-18 17:31:00','2025-10-18 17:31:00','b3ceaddd-96ad-4df6-94b9-9363c604ac65',607,'Racing Santander','Dep. La Coruna',2.43,3.3,2.7,3,2,'LWLDL','LDDWW',5,4,1,4,3,1,27,53,'2:1','1'),('1a9f00b0-c0b0-40b2-95c1-668b7a2adc3b','2025-07-27 16:45:19','2025-07-27 16:45:19','fc3a760e-7451-490c-896b-1b9ce89c120a',396,'Alvarado','Ferro',2.75,2.6,2.75,17,15,'DDLWW','DLDDL',4,6,9,8,9,9,32,38,'3:0','1'),('1b6ec693-6429-42ca-8d9d-3e15d16c444d','2025-10-18 10:40:30','2025-10-18 10:40:30','55ff3dde-5066-48a4-a297-d3ffd9530912',564,'Karagumruk','Gaziantep',2.6,3.3,2.65,18,7,'LLLLW','DDWWW',1,3,0,2,6,2,20,60,'0:2','2'),('1bfde13e-d363-4384-b35b-8c01e8bf78be','2025-10-25 15:16:19','2025-10-25 15:16:19','c0b2895d-730e-4169-8221-59dffa97d788',615,'Viktoria Koln','Hansa Rostock',2.6,3.35,2.41,10,14,'LWDDL','WDLDL',5,3,2,5,4,3,33,33,'2:4','2'),('1c24ecd2-a4c6-4ad1-a8e5-06f20d024386','2025-08-27 15:22:15','2025-08-27 15:22:15','bf19022a-a6ba-4b0d-be9b-cc482c1465ad',470,'Frosinone','Avellino',2.27,3.05,3.1,0,0,NULL,NULL,0,0,0,0,0,0,0,0,'2:0','1'),('1e75bd69-5e03-4933-9a86-b10d65aabd0e','2025-09-27 09:31:57','2025-09-27 09:31:57','4a9928bc-5708-4810-85d2-5266211f29ee',552,'FC Koln','Stuttgart',2.9,3.7,2.37,4,8,'LDWW','WLWL',2,2,1,0,1,2,58,50,'1:2','2'),('21054bc0-a81e-42c7-8aec-a569d520f8b7','2025-08-22 17:15:53','2025-08-22 17:15:55','eca82857-4084-4950-a311-1162b8e7b817',438,'Heracles','NEC',3.07,3.4,2.35,3,13,'W','L',1,0,0,0,0,1,100,0,'1:4','2'),('212dbd3b-2978-4cb3-971c-a64aaa3101e2','2025-10-18 10:47:52','2025-10-18 10:47:52','3f0b1364-6ede-4bff-a0ed-e1b3a4dc741f',575,'Juventus','AC Milan',2.8,3.2,2.7,5,4,'DDWWW','WWWWL',3,4,2,0,0,1,73,80,'0:0','x'),('225cc5a8-c15c-4e53-ad00-97f86e67e053','2025-11-01 13:46:51','2025-11-01 13:46:51','4a9928bc-5708-4810-85d2-5266211f29ee',637,'Wolfsburg','Hoffenheim',2.8,3.8,2.37,12,7,'WLLLL','WWLDL',2,4,2,1,4,3,20,47,'2:3','2'),('24eeb71b-ac02-480b-b2bc-dc2568a17fd5','2025-08-30 16:47:24','2025-08-30 16:47:24','63d80fac-cc75-45e5-84dc-992a6695097f',475,'OB','Nordsjaelland',2.5,3.7,2.55,7,10,'WDLWLW','WLLLLW',2,2,2,0,2,4,56,33,'1:2','2'),('25874aa8-fe2e-4621-996d-2854091276a7','2025-09-13 10:33:41','2025-09-13 10:33:41','b3ceaddd-96ad-4df6-94b9-9363c604ac65',524,'Granada','Leganes',2.42,3.05,2.95,21,15,'DLLL','DDDD',0,0,1,4,3,0,8,33,'0:2','2'),('264a81f7-b769-43ab-a343-b5fdb1f6c886','2025-09-27 09:31:55','2025-09-27 09:31:55','2f0362d2-eff6-49bf-ba28-f1dbe9c547c2',546,'Lommel SK','RFC Liege',1.93,3.4,3.2,4,7,'WLWWD','LDWLW',4,3,2,1,1,3,67,47,'0:1','2'),('283e4157-7ecb-4cec-9a37-31481b015867','2025-08-22 17:16:03','2025-08-22 17:16:03','b3ceaddd-96ad-4df6-94b9-9363c604ac65',454,'Huesca','Leganes',2.95,2.9,2.55,0,0,NULL,NULL,0,0,0,0,0,0,0,0,'1:1','x'),('29182730-a4b6-4d98-9f9e-a71019b9087d','2025-10-18 10:47:50','2025-10-18 10:47:50','f0ffa9fc-38e2-4f1d-a524-e9abbf268183',565,'Brommapjkarna','Hacken',2.48,3.75,2.44,13,12,'LWLLW','DWLLW',8,8,2,5,15,12,40,47,'1:3','2'),('299f1d93-cb79-41fc-84d2-caa70e66de7e','2025-08-22 17:15:58','2025-08-22 17:15:58','c3448dc4-b900-4015-8a19-5ecc4baa7849',444,'Rio Ave','Nacional',2.31,3.25,3.15,0,15,NULL,'L',0,0,0,0,0,1,0,0,'1:1','x'),('2a6a9847-4621-45a7-9a71-2420a8eae772','2025-08-27 15:22:15','2025-08-27 15:22:15','bf19022a-a6ba-4b0d-be9b-cc482c1465ad',469,'Catanzaro','Suditrol',2.26,3.05,3.25,0,0,NULL,NULL,0,0,0,0,0,0,0,0,'1:1','x'),('2a701091-53df-4495-a47e-fb23c183131c','2025-11-08 17:52:40','2025-11-08 17:52:40','40c449f6-c3a4-4a26-bfdd-a472da95d12b',654,'Angers','Auxerre',2.6,3.2,2.9,14,18,'LDWDL','LLLDL',2,2,4,1,5,8,33,7,'2:0','1'),('2a719871-e709-4413-8775-fa05432b8f0e','2025-09-20 10:05:18','2025-09-20 10:05:18','eca82857-4084-4950-a311-1162b8e7b817',529,'AZ','Feyenoord',2.26,3.5,2.9,4,1,'WWWD','WWWWW',3,5,1,0,0,0,83,100,'3:3','x'),('2ad3d668-5538-4b2c-9165-6f3dd85eee89','2025-07-27 16:45:19','2025-07-27 16:45:19','4e000074-2fca-4f46-9fda-89685a93f3c8',397,'FK IMT','Cukaricki',3,3.1,2.16,8,6,'D','W',0,1,1,0,0,0,33,100,'1:3','2'),('2bd2ceba-eef8-4e46-975c-7824b3fb9a25','2025-09-06 13:35:10','2025-09-06 13:35:10','a325096e-428e-438c-8ab9-65999230dac5',496,'Sol de America','River plate',2.4,3.2,2.55,14,7,'DDLLD','DWLDW',5,7,10,12,10,6,33,44,'1:0','1'),('2c53204c-cdae-4330-91e8-5def5cd6fe51','2025-10-18 10:40:29','2025-10-18 10:40:29','3f0b1364-6ede-4bff-a0ed-e1b3a4dc741f',561,'Fiorentina','Roma',3.05,3.3,2.44,17,5,'DLLDD','WWLWW',0,4,3,0,2,1,20,80,'1:2','2'),('2d8b9f9c-a275-41fb-8d74-cbd15d93dcf6','2025-09-13 10:33:32','2025-09-13 10:33:36','4a9928bc-5708-4810-85d2-5266211f29ee',510,'St. Pauli','Augsburg',2.19,3.4,3.45,5,8,'WD','LW',1,1,1,0,0,1,67,50,'2:1','1'),('2db1e527-eea6-4b20-ab2b-1688a21e430d','2025-11-25 07:33:22','2025-11-25 07:33:22','bc9826d4-3bc3-4d5d-b4db-e9f0c0f42f94',687,'Lokomotiv Moscow','Krasnodar',2.55,3.4,2.3,4,1,'WLDWW','DWWWW',8,10,6,3,1,2,67,87,'1:1','x'),('2eb229f6-71be-4bbd-8108-60755cbe27e0','2025-11-25 07:33:23','2025-11-25 07:33:23','b3ceaddd-96ad-4df6-94b9-9363c604ac65',690,'Burgos CF','Racing Santander',2.44,3.1,2.9,4,3,'WDWWW','DLWWW',7,8,4,2,3,4,87,67,'0:2','2'),('30039908-529c-404d-823b-a5d5cc21fed4','2025-07-27 16:45:19','2025-07-27 16:45:19','fc3a760e-7451-490c-896b-1b9ce89c120a',399,'Temperley','Gimn Jujuy',2.75,2.35,3.11,6,2,'WWDDW','DDDWDW',10,11,8,10,5,2,55,62,'1:0','1'),('3004695d-9b3d-441a-91b7-e3a89321aea5','2025-11-08 17:52:40','2025-11-08 17:52:40','6de3e86c-5405-4ff9-9523-0dd469ad369a',656,'Mallorca','Getafe',2.55,2.9,3.35,17,7,'LDWLW','WWLLD',2,5,3,2,6,4,47,47,'1:0','1'),('324d1a05-db45-4b05-97fd-93137125e047','2025-08-03 17:00:51','2025-08-03 17:00:51','c0b2895d-730e-4169-8221-59dffa97d788',417,'Wiesbaden','Ulm',2.39,3.35,2.6,0,0,NULL,NULL,0,0,0,0,0,0,0,0,'3:1','1'),('347b1933-aba8-442c-a18d-8265105d86f3','2025-10-18 17:30:58','2025-10-18 17:30:58','62287133-4a2b-4e06-b987-bcced36828ec',597,'Dender','KV Mechelen',2.8,3.35,2.49,16,6,'LDLLL','LWDDW',0,4,3,4,7,2,8,53,'1:3','2'),('3480b3ad-2653-4564-8757-f7e4f67da199','2025-11-18 15:43:01','2025-11-18 15:43:01','c62a0273-33eb-48e6-90b6-454e64a56549',667,'Bosnia & Herzegovina','Romania',2.45,3.2,2.95,2,3,'DLWWW','WDWLW',4,3,1,1,1,2,67,67,'3:1','1'),('349a42f8-4419-4cb1-9b14-5b0d4283daca','2025-09-13 10:33:40','2025-09-13 10:33:40','bf19022a-a6ba-4b0d-be9b-cc482c1465ad',522,'Empoli','Spezia',2.25,3,3.2,11,18,'LW','DL',1,0,0,1,1,1,50,17,'1:1','x'),('34c86154-a7ba-46e6-b5c2-0e472288878b','2025-09-06 13:35:10','2025-09-06 13:35:10','c3448dc4-b900-4015-8a19-5ecc4baa7849',494,'Estoril','Santa Clara',2.85,3,2.65,14,15,'DLD','DLL',0,0,2,1,1,2,22,11,'0:1','2'),('373a519d-98d7-4157-9a04-74f32c945cfc','2025-09-27 09:31:50','2025-09-27 09:31:54','6de3e86c-5405-4ff9-9523-0dd469ad369a',542,'Mallorca','Alaves',2.4,3,3.45,20,10,'LDLLD','DLWDL',0,2,2,2,4,2,11,33,'1:0','1'),('383a936e-ff84-4670-9527-164f7177808e','2025-11-08 17:52:37','2025-11-08 17:52:37','4722dcc7-0209-4176-9b05-3e9cf2c929b8',643,'Nottingham','Leeds',2.25,3.4,3.35,19,16,'DLLLL','LWLLD',1,3,3,2,6,5,7,27,'3:1','1'),('3940e3f7-f54b-410d-9b15-7ff5bf58f2ba','2025-11-18 15:43:03','2025-11-18 15:43:03','b3ceaddd-96ad-4df6-94b9-9363c604ac65',674,'Mirandes','Burgos',3.2,2.9,2.37,21,4,'WLLLD','DWWWL',3,6,3,4,7,3,27,67,'0:2','2'),('3a974a7c-4d06-4e5a-b6fd-5d100b543e09','2025-09-27 09:31:59','2025-09-27 09:32:03','3f0b1364-6ede-4bff-a0ed-e1b3a4dc741f',557,'AC Milan','Napoli',2.38,3.25,3.2,3,1,'WWWL','WWWW',3,4,0,0,1,0,75,100,'2:1','1'),('3acdb093-3d0d-43e1-a487-8f2d8ab5eb88','2025-10-25 15:16:20','2025-10-25 15:16:20','6de3e86c-5405-4ff9-9523-0dd469ad369a',622,'Osasuna','Celta Vigo',2.43,3.25,3.15,13,18,'LWLDL','DDLDD',3,0,1,7,5,2,27,27,'2:3','2'),('3c00c570-cc3a-40e3-80b3-d064479d5a6f','2025-10-18 17:31:00','2025-10-18 17:31:00','4a9928bc-5708-4810-85d2-5266211f29ee',604,'St. Pauli','Hoffenheim',2.85,3.55,2.8,12,14,'LLLWW','LDLWL',2,2,1,1,3,3,40,27,'0:3','2'),('3c4146f0-8b34-49b2-a422-b17447822dbe','2025-07-27 16:52:21','2025-07-27 16:52:21','d86e1297-98ab-4b8f-97e0-e6f5758b8516',402,'Itabaiana','Ituano',2.29,2.95,2.9,19,10,'LDLWLL','LDWLDD',3,4,2,5,8,4,28,44,'3:1','1'),('3cc1172e-3494-4e04-9552-756984c20683','2025-08-30 17:48:49','2025-08-30 17:48:49','bf19022a-a6ba-4b0d-be9b-cc482c1465ad',490,'Bari','Monza',3.05,2.95,2.39,14,7,'L','W',0,1,0,0,1,0,0,100,'1:1','x'),('3e0c86ff-7eec-443d-bb46-3f31d3b23572','2025-10-25 15:16:18','2025-10-25 15:16:18','1527b64d-cf8c-400d-ab1f-3a1c5972a7c0',612,'Aberdeen','Hibernian',2.55,3.3,2.6,11,3,'WWLLD','WLDDD',2,2,1,5,5,1,47,40,'1:2','2'),('3e39c7c8-0b91-41d4-8600-ac2268eccef1','2025-09-27 09:31:58','2025-09-27 09:31:58','a002d4cd-b00b-48a9-9eb9-3e60d49d2c85',555,'Zilina','Trnava',2.7,3.55,2.15,2,1,'WDDWL','LWLWW',4,5,3,0,1,2,53,60,'2:2','x'),('418cf467-7b53-4fdb-b72c-65fd04a234e6','2025-10-18 17:30:55','2025-10-18 17:30:55','6de3e86c-5405-4ff9-9523-0dd469ad369a',592,'Elche','Ath Bilbao',3.75,3.3,2.13,8,9,'LWDWD','WLDLL',3,4,4,1,1,3,53,27,'0:0','x'),('41c49438-f808-494d-9f11-d0cd7932cb4b','2025-08-27 15:19:37','2025-08-27 15:19:37','6de3e86c-5405-4ff9-9523-0dd469ad369a',459,'Osasuna','Valencia',2.43,3.2,3.15,16,11,'L','D',0,0,0,1,1,0,0,33,'1:0','1'),('41ff18dd-ad47-4294-889a-82d7ec5150cb','2025-07-27 16:45:19','2025-07-27 16:45:19','b51bc482-1cc8-4d22-b7d6-c8d30ae60103',398,'Otelul','Dinamo',2.55,2.95,2.65,13,10,'LD','DD',0,0,1,2,1,0,17,33,'2:1','1'),('4229471c-5500-4456-92fd-247731130afd','2025-08-22 17:16:02','2025-08-22 17:16:02','4722dcc7-0209-4176-9b05-3e9cf2c929b8',450,'Man Utd','Arsenal',4,3.65,1.94,0,0,NULL,NULL,0,0,0,0,0,0,0,0,'0:1','2'),('42979558-ed6a-4fb8-9206-b422561b2a40','2025-08-22 17:15:58','2025-08-22 17:15:59','bc9826d4-3bc3-4d5d-b4db-e9f0c0f42f94',445,'Dinamo M','CSKA',2.38,3.2,2.55,9,5,'DLWD','WDWDW',1,2,2,2,1,0,42,67,'1:3','2'),('42e3bcb7-7150-4185-8e99-53eceb926e1d','2025-09-27 09:31:54','2025-09-27 09:31:55','4722dcc7-0209-4176-9b05-3e9cf2c929b8',543,'Aston Villa','Fulham',2.33,3.15,3.4,18,8,'DDLLD','WWLDD',0,2,3,2,2,1,20,53,'3:1','1'),('443e9462-3894-4915-b672-7a497e3a0749','2025-10-18 10:47:52','2025-10-18 10:47:52','375cb4f2-b469-404a-a7f9-c1572dc13c14',573,'PAOK','Olympiacos',2.6,3,2.55,4,3,'DDWWW','WDWWW',3,4,2,1,0,0,73,87,'2:1','1'),('45b3f2c0-ad34-49bc-ae2c-992e928a772b','2025-08-22 17:15:56','2025-08-22 17:15:56','eca82857-4084-4950-a311-1162b8e7b817',439,'Groningen','Heerenveen',2.07,3.4,3.45,14,11,'L','D',0,0,0,1,1,0,0,33,'2:1','1'),('477d17ea-839e-4ea6-a5c4-da22c5cfb22d','2025-11-01 13:46:52','2025-11-01 13:46:52','b3ceaddd-96ad-4df6-94b9-9363c604ac65',641,'Zaragoza','Dep. La Coruna',2.95,3.1,2.39,22,8,'LLLLW','DLLDD',1,4,3,5,7,2,20,20,'0:2','2'),('48109b59-e36a-4a73-82f4-39b0563c9229','2025-11-01 13:46:50','2025-11-01 13:46:50','b3ceaddd-96ad-4df6-94b9-9363c604ac65',633,'Gijon','Las Palmas',2.33,3.05,3.1,6,2,'WWWLL','DWDWL',6,5,0,4,5,2,60,53,'0:0','x'),('491cbbc5-e89e-4ba5-aea6-2b189666cd2a','2025-07-27 16:45:17','2025-07-27 16:45:17','63d80fac-cc75-45e5-84dc-992a6695097f',392,'Nordsjaelland','Brondby',3.1,3.8,2.11,4,3,'W','W',1,1,0,0,0,0,100,100,'0:1','2'),('4938ce9b-8767-41cf-ac89-4e714174877f','2025-09-20 10:05:19','2025-09-20 10:05:19','40c449f6-c3a4-4a26-bfdd-a472da95d12b',532,'Le Havre','Lorient',2.2,3.55,3.3,13,10,'LWLL','LLWW',1,2,0,0,3,2,25,50,'1:1','x'),('498a6da8-8448-4cec-832f-84f0b364b5e5','2025-11-08 17:52:38','2025-11-08 17:52:38','4722dcc7-0209-4176-9b05-3e9cf2c929b8',645,'Brentford','Newcastle',2.9,3.45,2.48,12,13,'LWWLW','LWLWL',4,3,1,3,5,4,60,40,'3:1','1'),('4a89ffb3-aedb-4f76-b4c6-d130efc53246','2025-10-18 17:31:00','2025-10-18 17:31:00','b3ceaddd-96ad-4df6-94b9-9363c604ac65',606,'Cordoba','Almeria',2.7,3.4,2.41,14,6,'WWDDL','WDWWL',3,4,3,3,3,2,53,67,'1:1','x'),('4d5092b9-a633-4566-99e7-7d5682e1aa81','2025-11-08 17:52:38','2025-11-08 17:52:38','3f0b1364-6ede-4bff-a0ed-e1b3a4dc741f',646,'Genoa','Fiorentina',2.8,3.05,2.8,18,20,'WLLDL','LLDLL',1,0,3,4,6,6,27,7,'2:2','x'),('4ead19a1-77f2-4f0c-8f23-724558bb8d4e','2025-09-20 10:05:20','2025-09-20 10:05:20','b3ceaddd-96ad-4df6-94b9-9363c604ac65',535,'Malaga','Cadiz',2.6,2.9,2.9,10,4,'LDWWD','WDWDW',2,3,2,2,1,0,53,73,'0:1','2'),('515acd5e-cb71-417f-ab92-0f20ebae69a9','2025-11-18 15:43:03','2025-11-18 15:43:03','a9185664-e680-4d5e-92ec-fdf11adf56b4',671,'Alcoron','Atl. Madrid B',2.7,2.8,2.5,7,1,'WDLLW','DWWLW',4,6,4,3,3,2,47,67,'0:1','2'),('517f0ccd-755d-43d3-a336-3c1c25af5da8','2025-07-27 16:52:21','2025-07-27 16:52:21','d86e1297-98ab-4b8f-97e0-e6f5758b8516',403,'Caxias','Ponte Preta',2.17,2.75,3.35,1,2,'LWWWWW','WLWWDL',9,8,0,2,4,3,69,67,'2:1','1'),('52958b81-46b1-478b-ae90-26b9b6c89b54','2025-10-25 15:16:20','2025-10-25 15:16:20','3f0b1364-6ede-4bff-a0ed-e1b3a4dc741f',621,'Fiorentina','Bologna',2.7,3.15,2.8,19,5,'LLDLL','WWDWL',0,4,3,1,4,2,7,67,'2:2','x'),('532c3bb0-343b-4f66-852c-1a005f3a9f51','2025-10-18 17:31:00','2025-10-18 17:31:00','6de3e86c-5405-4ff9-9523-0dd469ad369a',605,'Levante','Rayo Vallecano',2.85,3.45,2.55,13,14,'WDLWD','WLLDL',2,2,2,2,4,4,53,40,'0:3','2'),('5504752b-875c-41f6-94ff-6de752e426ac','2025-11-18 15:42:55','2025-11-18 15:42:55','8cf3b1e6-76a6-496d-8642-350b6c60d084',661,'Accrington','Bristol Rovers',2.3,3.25,2.8,20,17,'DDLWL','LLLLL',3,5,5,2,7,8,33,0,'3:1','1'),('5545e1f0-908c-48d7-817a-a19b21e330d0','2025-11-25 07:33:22','2025-11-25 07:33:22','810469f2-abbd-40ec-a290-46ee9dfe10f6',683,'Richards Bay','Durban City',2.85,2.7,2.6,11,7,'DDLLW','WLLWD',3,5,4,3,5,4,33,47,'0:0','x'),('5546f7a4-ac5b-462e-a9dd-cdff61d5aff9','2025-11-08 17:52:38','2025-11-08 17:52:38','4722dcc7-0209-4176-9b05-3e9cf2c929b8',644,'Crystal Palace','Brighton',2.31,3.55,3.1,9,10,'WLDLW','WLWDW',4,4,4,3,2,3,47,67,'0:0','x'),('56877ced-a192-4121-a5ed-21c9bbda2c44','2025-08-27 15:19:35','2025-08-27 15:19:35','4722dcc7-0209-4176-9b05-3e9cf2c929b8',457,'Everton','Brighton',3.05,3.35,2.41,14,9,'L','D',0,0,0,1,1,0,0,33,'2:0','1'),('578d1ca8-14bf-4f96-b04a-900973bd43a6','2025-10-18 10:47:51','2025-10-18 10:47:51','c3448dc4-b900-4015-8a19-5ecc4baa7849',570,'Rio Ave','Tondela',2.3,3.45,3,16,17,'DDLLD','LWDLD',0,1,5,2,2,4,20,27,'3:0','1'),('57d4eaa5-fe07-4db2-a966-f8116ac021a6','2025-08-30 17:48:45','2025-08-30 17:48:46','de3db86b-0432-4ce2-bc8d-a04948a46aa7',478,'HamKam','Sarpsborg',2.6,3.6,2.41,13,12,'DWLLWD','LLLLLD',5,5,6,7,8,7,44,6,'1:3','2'),('5837900c-410d-4460-a396-921854d49700','2025-10-25 15:16:18','2025-10-25 15:16:18','77ef9181-8e34-4c2f-b856-bd5f0ff4d145',614,'Derry City','Shamrock Rovers',2.6,3.05,2.7,2,1,'WWDDW','LLWWD',16,18,9,9,9,6,73,47,'2:1','1'),('5a6efadd-3dd7-4666-a46d-401706aed4cb','2025-08-03 17:00:52','2025-08-03 17:00:52','fc3a760e-7451-490c-896b-1b9ce89c120a',419,'Guemes','Dep Madryn',2.7,2.6,2.8,15,2,'DDDWW','WWDWD',4,10,14,10,6,4,36,56,'1:3','2'),('5bcf3688-114e-4dae-b8f5-efb90ac21551','2025-11-08 17:52:39','2025-11-08 17:52:39','3f0b1364-6ede-4bff-a0ed-e1b3a4dc741f',648,'Bologna','Napoli',3.05,3.05,2.6,6,1,'WDDWW','DWWLW',5,7,3,1,2,2,73,67,'2:0','1'),('5c33457a-8ecf-48c6-a578-3c65094f14c7','2025-10-30 17:47:10','2025-10-30 17:47:12','d86e1297-98ab-4b8f-97e0-e6f5758b8516',512,'N/A','N/A',0,0,0,0,0,NULL,NULL,0,0,0,0,0,0,0,0,NULL,NULL),('5c4332e6-792d-465c-9388-64560c540f81','2025-11-18 15:42:55','2025-11-18 15:42:56','8cf3b1e6-76a6-496d-8642-350b6c60d084',662,'Cambridge Utd','Barnet',2.6,3.1,2.5,12,11,'DLWLW','DDLWW',6,6,4,4,5,5,47,53,'0:0','x'),('5caede60-7969-464c-9cfc-228d22e470ec','2025-09-13 10:33:37','2025-09-13 10:33:37','6de3e86c-5405-4ff9-9523-0dd469ad369a',511,'Levante','Betis',3.35,3.5,2.28,19,8,'LLL','LDWD',0,1,0,2,3,1,0,42,'2:2','x'),('5da4a3b4-64f8-43c3-aced-386845bc079e','2025-10-18 17:30:56','2025-10-18 17:30:56','4722dcc7-0209-4176-9b05-3e9cf2c929b8',594,'Tottenham','Aston Villa',2.09,3.6,3.55,3,13,'WDDWL','WWDDL',4,2,2,3,1,2,53,53,'1:2','2'),('5ee4dd68-51e8-4abb-bea8-9eb7adc084e5','2025-10-18 17:30:59','2025-10-18 17:30:59','de3db86b-0432-4ce2-bc8d-a04948a46aa7',601,'HamKam','Vaalerenga',2.41,3.55,2.6,13,7,'DWLLL','WLDLW',6,10,7,4,11,10,27,53,'2:1','1'),('5f5377bf-efca-4744-8123-91fb1eb99fc5','2025-09-20 10:05:20','2025-09-20 10:05:20','6de3e86c-5405-4ff9-9523-0dd469ad369a',536,'Elche','Real Oviedo',1.97,3.25,4.4,9,16,'DWDD','LWLL',1,1,3,0,0,3,50,25,'1:0','1'),('614c1735-ad52-48ea-9299-7aa74f3178a7','2025-11-01 13:46:49','2025-11-01 13:46:49','6de3e86c-5405-4ff9-9523-0dd469ad369a',628,'Levante','Celta Vigo',2.9,3.45,2.49,15,13,'DLWDL','WDDLD',2,1,3,7,5,2,33,40,'1:2','2'),('61a74fb7-90f7-46fd-a439-14daf327aa87','2025-11-18 15:42:54','2025-11-18 15:42:55','69a04a7f-0d15-414a-b6f3-f9491032f6cc',660,'Port Vale','Wycombe',2.7,3.25,2.49,23,14,'LLLDD','WWDWD',3,5,4,4,8,8,13,73,'0:0','x'),('61b0489e-4b67-4c39-bde8-40a45d6ef5c1','2025-09-13 10:33:32','2025-09-13 10:33:32','3f0b1364-6ede-4bff-a0ed-e1b3a4dc741f',509,'Pisa','Udinese',2.8,3.15,2.75,13,5,'LD','WD',0,1,1,1,1,0,17,67,'0:1','2'),('630cd172-e4d6-4889-bd95-fc184ddcd9be','2025-08-30 17:48:47','2025-08-30 17:48:47','6de3e86c-5405-4ff9-9523-0dd469ad369a',481,'Celta','Villareal',2.75,3.6,2.5,14,1,'DD','WW',0,2,2,0,0,0,33,100,'1:1','x'),('637e450f-eba3-4dbf-a663-916db8568d50','2025-08-27 15:22:15','2025-08-27 15:22:16','177b1bea-a488-43a0-a150-5e1bc711f94f',471,'Vasco','Corinthians',2.34,2.95,2.85,16,14,'LWDLD','LLDDD',5,5,4,7,10,10,33,37,'2:3','1'),('66e09ff4-4d70-4680-9207-c0dbfe5431e8','2025-07-27 16:30:02','2025-07-27 16:30:03','f48c8dac-5740-43d7-9448-3a25a27a789a',386,'Vestri','IBV',2.7,3.15,2.32,6,9,'LWLLLW','WDLLLL',6,5,1,3,8,7,42,40,'2:0','1'),('66f13ac9-64fa-4dad-8de6-4b320a6b12ca','2025-10-25 15:16:20','2025-10-25 15:16:20','4722dcc7-0209-4176-9b05-3e9cf2c929b8',620,'Everton','Tottenham',2.36,3.4,3.1,12,6,'LWDLD','LWDDW',3,4,2,2,3,2,33,53,'0:3','2'),('67feede3-8e06-4ceb-876f-602bb53bc8a1','2025-11-18 15:43:02','2025-11-18 15:43:02','52f9ec6e-4eff-4834-840e-b07b04b5a4f5',670,'Vissel Kobe','Sanfrecce Hiroshima',2.6,3.05,2.46,0,0,NULL,NULL,0,0,0,0,0,0,0,0,'2:0','1'),('68308ec0-f4be-404c-a3fe-bbf219a17f55','2025-09-06 13:35:08','2025-09-06 13:35:09','3a83fb53-768f-4f9d-a217-f3d9f0a89ea9',492,'San Felipe','Curico Unido',1.83,3.15,3.75,14,13,'LLWLDW','DLLDDL',6,5,5,9,12,9,33,35,'4:2','1'),('68474d52-9cda-41ef-8bbf-c53d65ba2837','2025-11-29 10:08:24','2025-11-29 10:08:24','4722dcc7-0209-4176-9b05-3e9cf2c929b8',704,'Chelsea','Arsenal',3.4,3.4,2.22,2,1,'WWWLW','WDWWW',7,9,2,2,3,1,80,87,'1:1','x'),('68ab581a-b3aa-4757-b447-ea273b957022','2025-09-06 13:35:10','2025-09-06 13:35:10','681705a3-4f87-40b3-89dd-122e6a82643a',497,'Stal SW','Swit Szczecin',3.35,5.4,1.57,7,3,'LDDWW','WWWDD',2,3,3,2,1,1,50,61,'3:2','1'),('6a94459e-381a-49ad-ac2c-8866351c4fb0','2025-08-03 16:56:32','2025-08-03 16:56:32','62287133-4a2b-4e06-b987-bcced36828ec',405,'Cercle Brugge','Anderlecht',2.95,3.35,2.35,5,2,'WL','W',1,1,0,0,1,0,50,100,'0:2','2'),('6c202b60-e7db-437b-9265-1e5abbb4f442','2025-11-29 10:08:24','2025-11-29 10:08:24','62287133-4a2b-4e06-b987-bcced36828ec',706,'Anderlecht','Royal Union SG',3,3.45,2.29,3,1,'WWWLD','WDWWW',8,11,4,3,3,1,67,87,'1:0','1'),('6c20314c-f504-40d0-a63d-09c7f572c1fd','2025-08-03 16:56:32','2025-08-03 16:56:32','bf6430f1-b07c-4f27-8239-ff80e5362277',406,'Sion','Lugano',2.5,3.4,2.6,4,11,'W','L',1,0,0,0,0,1,100,0,'4:0','1'),('6d89bfca-7988-4abd-85e2-2f08c4fe8273','2025-11-29 10:08:22','2025-11-29 10:08:22','4722dcc7-0209-4176-9b05-3e9cf2c929b8',697,'Crystal Palace','Manchester Utd',2.28,3.55,3.15,5,10,'WDWLD','LDDWW',5,5,5,3,2,4,53,53,'1:2','2'),('6db54731-1f60-4455-968b-6f5377864563','2025-08-30 17:48:47','2025-08-30 17:48:47','6a2f30d3-6374-4e4e-ac0b-31b6270876fa',482,'Lokomotiva','Osijek',2.9,3.3,2.21,3,10,'WLDW','LDDL',2,0,1,2,1,2,56,33,'1:1','x'),('6e009d12-ba59-4ead-b92c-a3a04b9eeab1','2025-08-30 17:48:49','2025-08-30 17:48:49','4a9928bc-5708-4810-85d2-5266211f29ee',488,'Koln','Freiburg',2.6,3.35,2.8,7,17,'W','L',1,0,0,0,0,1,100,0,'4:1','1'),('6f456180-b369-47ff-9b7b-5ede4122992b','2025-11-18 15:42:56','2025-11-18 15:42:57','a9185664-e680-4d5e-92ec-fdf11adf56b4',663,'Osasuna B','Barakaldo',3.2,2.95,2.14,17,6,'LDLDL','DDWDW',2,3,5,7,4,1,13,60,'2:0','1'),('6fffcb01-7182-4cf8-9b07-18b225ad0254','2025-11-29 10:11:33','2025-11-29 10:11:33','3f0b1364-6ede-4bff-a0ed-e1b3a4dc741f',708,'AS Roma','Napoli',2.65,2.95,3.1,1,3,'WWLWW','WLDWW',9,8,0,1,3,3,80,67,'0:1','2'),('70e54d72-a043-4daf-878d-cff3d40eff14','2025-11-25 07:32:57','2025-11-25 07:32:57','4722dcc7-0209-4176-9b05-3e9cf2c929b8',679,'Leeds','Aston Villa',3.1,3.3,2.41,16,6,'LLWLL','WLWWW',3,5,2,3,6,3,20,80,'1:2','2'),('71c25df6-b65d-4df7-9ff2-9064296bfb66','2025-08-30 16:47:24','2025-08-30 16:47:24','6de3e86c-5405-4ff9-9523-0dd469ad369a',473,'Girona','Sevilla',2.45,3.35,3,20,18,'LL','LL',0,0,0,0,2,2,0,0,'0:2','2'),('746bcce0-403d-40b9-9c36-35893b2f4ae1','2025-09-06 13:35:12','2025-09-06 13:35:12','8417f721-956a-43f9-a48e-7bf75c48d090',504,'Envigado','Aguilas D',2.7,2.8,2.5,11,19,'WLDLWD','LLWDDL',2,1,4,4,3,4,37,26,'1:1','x'),('74e721c3-edd0-4044-8869-e39d5f775736','2025-09-27 09:31:55','2025-09-27 09:31:55','4a9928bc-5708-4810-85d2-5266211f29ee',545,'Freiburg','Hoffenheim',2.26,3.65,3.1,7,9,'WWLL','LWLW',2,2,0,0,2,2,50,50,'1:1','x'),('7566ac80-3561-40d0-abb5-c00d95f4f815','2025-11-25 07:33:23','2025-11-25 07:33:23','2f0362d2-eff6-49bf-ba28-f1dbe9c547c2',691,'Leuven','St. Truidense',2.55,3.25,2.75,13,4,'WWDLL','WWLDW',4,7,3,3,7,4,47,67,'1:2','2'),('76ea1b01-b2f9-47c4-ad90-c1397eb7708d','2025-09-13 10:33:37','2025-09-13 10:33:37','bf6430f1-b07c-4f27-8239-ff80e5362277',513,'Luzern','Young Boys',2.85,3.7,2.19,4,5,'DWWLD','WWDLDL',2,2,2,2,1,1,53,53,'1:2','2'),('775e0228-caea-4b8c-97eb-c872415a4ae6','2025-11-29 10:08:22','2025-11-29 10:08:22','3f0b1364-6ede-4bff-a0ed-e1b3a4dc741f',696,'Lecce','Torino',3.05,2.95,2.65,17,12,'LDWLL','LDDDW',2,3,4,5,6,4,27,40,'2:1','1'),('77bb4d6a-581c-4eca-b2ee-52dbbe93d386','2025-10-18 10:47:50','2025-10-18 10:47:51','4a9928bc-5708-4810-85d2-5266211f29ee',568,'Hambuger','Mainz',2.85,3.55,2.43,15,16,'DWLLD','LWLDL',1,1,2,1,2,3,47,27,'4:0','1'),('78a30352-4646-41f7-aa9a-02b216a6825f','2025-10-18 10:40:30','2025-10-18 10:40:30','bc9826d4-3bc3-4d5d-b4db-e9f0c0f42f94',563,'CSKA','Spartak',2.65,3,2.47,1,6,'WWLDW','WWDWW',6,5,3,3,1,2,67,87,'3:2','1'),('79f0eea3-e0e4-4097-9223-6960db5b6131','2025-11-25 07:33:20','2025-11-25 07:33:21','bf19022a-a6ba-4b0d-be9b-cc482c1465ad',680,'Mantova','Spezia',2.7,3.1,2.55,17,18,'WWLLD','DLDWL',3,1,2,5,7,6,47,33,'4:1','1'),('7a02a765-c64e-46be-a305-23d88fb21432','2025-10-25 15:16:20','2025-10-25 15:16:20','3f0b1364-6ede-4bff-a0ed-e1b3a4dc741f',623,'Lazio','Juventus',3.35,3.2,2.31,12,7,'DDWLL','LDDDW',2,3,2,3,3,1,33,40,'1:0','1'),('7ab5eb8c-d762-4971-b185-1fb8dbc15f32','2025-11-29 10:08:21','2025-11-29 10:08:22','4722dcc7-0209-4176-9b05-3e9cf2c929b8',695,'Tottenham','Fulham',2.25,3.35,3.35,9,15,'LDLWL','WLWLL',5,4,3,2,4,6,27,40,'1:2','2'),('7c19d14d-6e8f-4216-a5e3-8a3829c5e151','2025-09-27 09:31:56','2025-09-27 09:31:57','40c449f6-c3a4-4a26-bfdd-a472da95d12b',550,'Lille','Lyon',2.28,3.5,3.15,6,4,'LWWWD','WLWWW',3,4,1,0,1,1,67,80,'0:1','2'),('7d1836b4-e763-4adc-8806-2c67c11a9bf2','2025-11-25 07:33:23','2025-11-25 07:33:23','6a2f30d3-6374-4e4e-ac0b-31b6270876fa',688,'Gorica','Istra 1961',2.36,3.2,2.75,7,5,'DWLLL','WDWLW',4,5,3,4,6,4,27,67,'1:0','1'),('7d34dbae-687f-4132-b511-0ee43e12107e','2025-07-27 16:45:19','2025-07-27 16:45:19','fc3a760e-7451-490c-896b-1b9ce89c120a',400,'Colon','Gim Mendoza',2.75,2.7,2.7,13,3,'WWLLLL','LWWLDD',8,10,3,10,12,2,39,61,'0:2','2'),('7fad64e5-70a5-4eca-b771-2b1ed24d795f','2025-09-20 10:05:21','2025-09-20 10:05:21','bf19022a-a6ba-4b0d-be9b-cc482c1465ad',539,'Calcio Padova','Virtus Entella',2.41,2.95,3,18,7,'LDLL','WDD',0,1,1,2,2,0,11,56,'2:1','1'),('80a402b0-2c07-48c4-a158-e96ac6f0c024','2025-07-27 16:45:19','2025-07-27 16:45:19','2e759035-520b-46ad-aaae-5a5e110565ed',401,'Univ Catolica','Coquimbo',2.7,2.75,2.55,5,1,'DWDDL','WLLWWW',7,10,5,5,4,1,54,73,'0:3','2'),('857f6b50-2f51-45c7-97b7-27f0725d937e','2025-11-01 13:46:51','2025-11-01 13:46:51','62287133-4a2b-4e06-b987-bcced36828ec',639,'RAAL La Louviere','Cercle Brugge KSV',2.6,3.25,2.7,12,13,'DDDDW','DDDLD',3,2,5,6,4,4,47,27,'2:1','1'),('85fdd41f-4ffa-40ad-ae2a-73c9f1e2f5de','2025-11-18 15:43:01','2025-11-18 15:43:01','7bd0a94e-79f1-4fd3-9bdc-dcc54ae94341',665,'Lumezzane','Pro Vercelli',2.39,2.9,2.8,18,8,'DDDDL','WLWDL',2,6,4,1,7,6,26,47,'3:1','1'),('86835a2a-571f-42a4-a702-4430789a4f0a','2025-11-29 10:08:23','2025-11-29 10:08:23','6de3e86c-5405-4ff9-9523-0dd469ad369a',701,'Sevilla','Betis',2.95,3.4,2.47,10,5,'LWLLL','DDWLD',5,5,1,6,7,2,23,40,'0:2','2'),('89e9ee2f-fbb5-40cc-8ce9-e6d327da62e5','2025-08-03 16:56:31','2025-08-03 16:56:31','63d80fac-cc75-45e5-84dc-992a6695097f',404,'AGF','Midtjylland',2.75,3.55,2.42,9,3,'LD','WD',0,1,1,1,1,0,33,66,'0:0','x'),('8a1b8125-3bd1-4ef3-90fc-ba428d3a5f92','2025-08-27 15:19:39','2025-08-27 15:19:39','bf19022a-a6ba-4b0d-be9b-cc482c1465ad',464,'Venezia','Bari',2.02,3.15,3.6,0,0,NULL,NULL,0,0,0,0,0,0,0,0,'2:1','1'),('8bd3efa6-3708-45cc-bdeb-aff3c263e349','2025-08-22 17:15:57','2025-08-22 17:15:57','6de3e86c-5405-4ff9-9523-0dd469ad369a',440,'Valencia','Real Sociedad',2.5,3.05,3.2,0,0,NULL,NULL,0,0,0,0,0,0,0,0,'1:1','x'),('8c09c23c-b154-4fcb-b330-2d0850b082d6','2025-09-13 10:33:30','2025-09-13 10:33:31','3f0b1364-6ede-4bff-a0ed-e1b3a4dc741f',508,'Fiorentina','Napoli',3.6,3.15,2.24,12,1,'DD','WW',0,2,2,0,0,0,33,100,'1:3','2'),('8c7a8511-84bd-4ded-ab37-f36e9d3a5616','2025-11-01 13:46:50','2025-11-01 13:46:50','bf19022a-a6ba-4b0d-be9b-cc482c1465ad',631,'Bari','Cesena',2.85,3,2.45,16,3,'WLWDD','WWWLL',2,6,3,2,4,2,53,60,'1:0','1'),('8cca62de-2f98-4e0f-80d7-75c51724a649','2025-09-06 13:35:13','2025-09-06 13:35:13','3a83fb53-768f-4f9d-a217-f3d9f0a89ea9',507,'Concepcion','Cobreloa',2.35,2.9,2.85,7,5,'WLLDWW','DDWLWW',9,9,5,8,9,6,46,51,'4:0','1'),('8d45dcaa-1222-4fc6-a2de-63686e70d40a','2025-11-18 15:43:02','2025-11-18 15:43:02','c62a0273-33eb-48e6-90b6-454e64a56549',668,'Greece','Scotland',2.14,3.2,3.55,3,2,'LLLW','WWWD',1,3,0,1,3,0,25,83,'3:2','1'),('8d5913dd-93a8-4b55-9f40-8a2c11f2aa16','2025-08-03 17:00:48','2025-08-03 17:00:49','659e96bd-eb6b-41d3-823b-e8e1857549e5',408,'P Siedlce','Odra',2.43,3.05,2.65,15,10,'DW','WD',0,1,1,0,1,1,17,50,'0:1','2'),('8d665efb-081a-4806-86df-91295cec8fc0','2025-10-25 15:16:18','2025-10-25 15:16:18','bf19022a-a6ba-4b0d-be9b-cc482c1465ad',611,'Padova','Juve Stabia',2.6,2.95,2.75,11,7,'WLDWW','WLWDW',3,3,2,4,3,1,67,67,'2:2','x'),('8e8ddc21-f697-44b5-91fa-f8d0388042f3','2025-10-24 14:19:43','2025-10-24 14:19:44','6de3e86c-5405-4ff9-9523-0dd469ad369a',569,'Espanyol','Betis',2.55,3.45,2.9,6,10,'DDLWW','WWDLD',3,3,3,3,1,1,53,53,'1:2','2'),('8e8f464d-349b-423c-8e81-f023e1d46ec9','2025-09-27 09:31:56','2025-09-27 09:31:56','40c449f6-c3a4-4a26-bfdd-a472da95d12b',549,'Angers','Brest',3.2,3.45,2.29,13,14,'LDDLW','WLLLD',1,1,2,1,2,3,33,27,'0:2','2'),('8f140b69-99f0-445a-90e2-bb904a5fddc7','2025-11-01 13:46:50','2025-11-01 13:46:50','bf19022a-a6ba-4b0d-be9b-cc482c1465ad',632,'Catanzaro','Venezia',3.15,3.1,2.22,12,5,'WWLLD','WLDWD',2,4,6,4,2,2,47,53,'2:1','1'),('8f50cd42-4b49-4800-9b02-640f346c5107','2025-09-13 10:33:37','2025-09-13 10:33:38','de3db86b-0432-4ce2-bc8d-a04948a46aa7',515,'KFUM','Viking',2.95,3.35,2.27,8,2,'LDDDW','WWWLL',7,14,6,3,7,3,45,75,'2:2','x'),('90b9ac24-59b5-4c0f-be44-5bb980845479','2025-08-03 17:00:49','2025-08-03 17:00:49','de3db86b-0432-4ce2-bc8d-a04948a46aa7',409,'KFUM','Rosenborg',2.28,3.4,2.9,9,4,'WWWDW','WDWLD',6,8,3,6,6,3,47,59,'4:1','1'),('916666b9-0188-464b-aa7b-61ad80f54392','2025-09-20 10:05:19','2025-09-20 10:05:19','63d80fac-cc75-45e5-84dc-992a6695097f',534,'AGF','Brondby',2.23,3.5,3.05,1,4,'WWWWWD','WLLLWW',5,5,2,0,1,3,71,63,'1:0','1'),('944a76eb-304e-4358-88f5-030bd6d44e16','2025-11-18 15:43:02','2025-11-18 15:43:02','0958c66c-c7a9-4a82-bd65-cd406fe83184',669,'Mexico','Uruguay',2.75,3.25,2.55,0,0,NULL,NULL,0,0,0,0,0,0,0,0,'0:0','x'),('95a7b72e-efe3-48b8-aa9f-90a2f320ca6c','2025-09-27 09:31:57','2025-09-27 09:31:57','4722dcc7-0209-4176-9b05-3e9cf2c929b8',553,'Newcastle','Arsenal',3.55,3.4,2.15,13,2,'DWDLD','DWLWW',1,3,3,1,1,1,40,67,'1:2','2'),('96c1c698-b600-4145-946d-e591eec1525b','2025-09-27 09:32:03','2025-09-27 09:32:03','40c449f6-c3a4-4a26-bfdd-a472da95d12b',558,'Rennes','Lens',2.5,3.55,2.8,8,7,'DWDLW','WLWWL',2,3,2,0,1,2,53,60,'0:0','x'),('96ce5fa8-ea42-4712-bc13-6209019f45c0','2025-08-03 17:00:51','2025-08-03 17:00:51','659e96bd-eb6b-41d3-823b-e8e1857549e5',416,'Gornika Leczna','Puszcza',2.44,3.15,2.55,16,13,'LL','DD',0,0,0,2,2,0,0,33,'2:2','x'),('970333d9-4945-4734-b871-daf970d152bb','2025-10-25 15:16:18','2025-10-25 15:16:18','375cb4f2-b469-404a-a7f9-c1572dc13c14',613,'Levadiakos','Aris',2.6,3,2.55,5,6,'DWLWL','DLDWW',3,3,2,2,2,2,47,53,'1:1','x'),('975990f3-7876-4ea9-a9c8-e3b524692c11','2025-07-27 16:36:28','2025-07-27 16:36:28','bc9826d4-3bc3-4d5d-b4db-e9f0c0f42f94',390,'Orenburg','Dynamo Makh.',2.33,3.05,2.75,10,12,'D','L',1,0,0,0,0,1,33,0,'1:1','x'),('98dcd0db-0c0b-45fb-b20e-0a3115ac34f0','2025-11-08 17:52:39','2025-11-08 17:52:39','de3db86b-0432-4ce2-bc8d-a04948a46aa7',652,'Sandefjord','Tromso',2.65,3.5,2.37,7,4,'LDDWW','WWLLW',12,16,3,3,12,8,53,60,'1:0','1'),('9a2b017e-4963-4fac-bbfc-d479fa6bcfe6','2025-09-20 10:05:20','2025-09-20 10:05:20','62287133-4a2b-4e06-b987-bcced36828ec',538,'Mechelen','Cercle',2.42,3.35,2.75,4,10,'DWLDW','LDWWL',3,2,3,2,1,3,57,38,'0:0','x'),('9a9a285e-8780-45a8-b30a-e074c8b6954c','2025-11-01 13:46:50','2025-11-01 13:46:50','55ff3dde-5066-48a4-a297-d3ffd9530912',630,'Kayserispor','Kasimpasa',2.39,3.5,2.75,17,13,'DLLDL','DLLDL',0,2,6,4,4,4,13,13,'3:2','1'),('9aba4489-1416-4ecf-99e9-1620f405655a','2025-10-18 10:40:29','2025-10-18 10:40:29','4722dcc7-0209-4176-9b05-3e9cf2c929b8',560,'Everton','C. Palace',2.6,3.25,2.9,14,5,'DLDWW','WWDWD',2,3,2,3,2,0,53,67,'2:1','1'),('9c56304c-2210-4672-9077-95b25c5709ed','2025-08-30 17:48:48','2025-08-30 17:48:49','698f777d-223f-450d-9480-8e9d0f014848',487,'Beitar','M Haifa',2.39,3.5,2.5,3,1,'W','W',1,1,0,0,0,0,100,100,'0:0','x'),('9ccaf49f-8c62-4ebf-acb5-bba95265a427','2025-09-13 10:33:39','2025-09-13 10:33:39','62287133-4a2b-4e06-b987-bcced36828ec',521,'Sint Truidense','Westerlo',2.11,3.7,3.15,2,11,'DWWWD','WLLWL',4,2,2,0,0,3,78,40,'0:3','2'),('9d8cb8eb-8a61-40de-a28f-85a7b982021f','2025-08-30 17:48:46','2025-08-30 17:48:46','bc9826d4-3bc3-4d5d-b4db-e9f0c0f42f94',480,'CSKA','Krasnodar',2.46,3.05,2.6,2,1,'WWWDWD','WWWWLW',4,5,2,0,0,1,72,95,'1:1','x'),('9dab2092-d71d-4611-8dea-bc011a698dde','2025-09-06 13:35:11','2025-09-06 13:35:11','4b9309e9-8580-464f-b381-53dc25d95c8c',499,'Cerro','Cerro Largo',2.8,2.8,2.44,10,5,'LWWLDL','LDWWW',2,3,1,1,2,1,47,67,'0:1','2'),('9dd8d5d9-8e2a-42d7-8143-2f5dd6946a57','2025-10-18 17:30:56','2025-10-18 17:30:57','4a9928bc-5708-4810-85d2-5266211f29ee',595,'Freiburg','Eintracht Frankfurt',2.55,3.65,2.65,9,8,'DDWWL','LWLLW',2,3,2,0,2,3,53,40,'2:2','x'),('9e3c3602-eacc-4296-8b64-15fc3fe11a3e','2025-09-13 10:33:38','2025-09-13 10:33:38','40c449f6-c3a4-4a26-bfdd-a472da95d12b',516,'Metz','Angers',2.35,3.35,3.15,18,9,'LLL','DLW',0,1,0,1,3,1,0,44,'1:1','x'),('a11d1717-5593-4c39-960b-d93a90b5fe64','2025-10-25 15:16:21','2025-10-25 15:16:21','40c449f6-c3a4-4a26-bfdd-a472da95d12b',624,'Lyon','Strasbourg',2.12,3.7,3.35,5,3,'LLWWL','DWLWW',5,5,0,1,3,1,40,67,'2:1','1'),('a1e9ed3c-0c5a-46ce-bc82-50ac09b23657','2025-11-29 10:08:25','2025-11-29 10:08:25','4a9928bc-5708-4810-85d2-5266211f29ee',707,'Freiburg','Mainz',1.96,3.55,4.1,12,17,'LWDLD','DLDLL',3,1,4,3,4,7,33,13,'4:0','1'),('a259c1b2-a4bb-4d0e-856a-73d0ee775055','2025-09-06 13:35:07','2025-09-06 13:35:08','c62a0273-33eb-48e6-90b6-454e64a56549',491,'Ireland','Hungary',2.5,3,3.1,0,0,NULL,NULL,0,0,0,0,0,0,0,0,'2:2','x'),('a28a28bf-936e-4525-9762-988144d06179','2025-07-27 16:43:57','2025-07-27 16:43:57','458ef1d6-3001-4101-aa96-85d46a4624cb',391,'Polonia','Tychy',1.82,3.55,3.5,10,5,'D','W',0,1,1,0,0,0,33,100,'1:2','2'),('a492a431-8d06-4517-892d-5021487be670','2025-09-20 10:05:21','2025-09-20 10:05:21','b3ceaddd-96ad-4df6-94b9-9363c604ac65',541,'Cordoba','Santander',2.29,3.4,2.85,17,2,'LWDLL','LWWWW',1,4,1,0,3,1,7,80,'2:2','x'),('a4cd4cfb-bf91-4ad6-a17b-adcdf1060977','2025-09-06 13:35:11','2025-09-06 13:35:11','b3ceaddd-96ad-4df6-94b9-9363c604ac65',500,'Burgos','Las Palmas',2.33,3.05,3.1,11,13,'LDW','LWD',1,1,1,1,1,1,44,44,'0:0','x'),('a55d7381-0122-4d0d-a086-83c6b83df304','2025-09-20 10:05:20','2025-09-20 10:05:20','c3448dc4-b900-4015-8a19-5ecc4baa7849',537,'Gil Vicente','Estoril',2.47,3.1,3,5,11,'WWDLW','WLDLDW',3,2,1,2,1,2,67,33,'2:0','1'),('a5e21fdd-d492-4ec6-bcbe-3e1282ffdd1f','2025-09-13 10:33:38','2025-09-13 10:33:39','40c449f6-c3a4-4a26-bfdd-a472da95d12b',517,'Brest','Paris FC',2.28,3.6,3.1,17,15,'LLD','WLL',0,1,1,0,2,2,11,33,'1:2','2'),('a7338e6a-d93b-4c1f-9a0a-65945bb26ed0','2025-10-18 17:30:58','2025-10-18 17:30:58','bf6430f1-b07c-4f27-8239-ff80e5362277',599,'Luzern','Laussanne',2.29,3.65,2.7,7,10,'DWLDW','WDDLL',3,2,3,2,2,4,53,33,'2:2','x'),('a7845c6d-64d3-4f2d-983f-bcf0be16cca2','2025-08-27 15:19:37','2025-08-27 15:19:37','4722dcc7-0209-4176-9b05-3e9cf2c929b8',460,'Fulham','Man Utd',3.3,3.55,2.2,10,15,'D','W',0,0,1,0,0,1,33,0,'1:1','x'),('a78ea5ca-3c41-4951-b44d-0b0fda5a3ddc','2025-11-29 10:08:21','2025-11-29 10:08:21','4a9928bc-5708-4810-85d2-5266211f29ee',694,'Bayer Leverkusen','Dortmund',2.55,3.7,2.6,3,4,'WWLWW','DDWWL',7,6,2,4,2,1,80,53,'1:2','2'),('a7ac5bb2-5cc4-4be1-b768-09cf66f97eff','2025-08-03 17:00:52','2025-08-03 17:00:52','3145feeb-feb7-4053-aa1d-225d54c5c910',420,'Olimpia','Cerro Porteno',2.6,2.95,2.55,6,1,'WDWLD','WWDWW',2,4,2,1,1,0,53,87,'2:3','2'),('a7c5375b-65e1-4dee-9cf4-d973d7a60e24','2025-11-29 10:08:24','2025-11-29 10:08:24','b9e5cad5-aa04-4033-968f-958119fb1aae',702,'Twente','AZ Alkmaar',2.23,3.55,2.95,8,3,'DDDLD','LLWWW',4,7,5,3,4,3,27,60,'1:0','1'),('a91941de-7f14-4d00-890a-14667a4ef876','2025-09-20 10:05:21','2025-09-20 10:05:21','375cb4f2-b469-404a-a7f9-c1572dc13c14',540,'Panathinaikos','Olympiacos',3.35,3.1,2.05,12,1,'LD','WWW',0,3,1,0,1,0,17,100,'1:1','x'),('a99f38bc-c620-470f-bc99-9f634743d68d','2025-11-08 17:52:41','2025-11-08 17:52:41','b3ceaddd-96ad-4df6-94b9-9363c604ac65',658,'Cadiz CF','Valladolid',2.7,3.1,2.6,6,7,'DDLWL','WDLWD',5,5,5,4,2,3,33,53,'0:0','x'),('a9bcd12f-851f-4aab-9cc8-86c767b89f8d','2025-09-20 10:05:17','2025-09-20 10:05:18','b3ceaddd-96ad-4df6-94b9-9363c604ac65',527,'Albacete','Valladolid',2.85,3.4,2.29,21,3,'DLLLD','WDDWW',0,3,2,2,3,0,13,73,'2:0','1'),('ac11b18b-ea5b-4751-9402-658a39ce0158','2025-08-30 17:48:48','2025-08-30 17:48:48','b3ceaddd-96ad-4df6-94b9-9363c604ac65',486,'Espanyol','Osasuna',2.41,3.2,3.2,9,12,'DW','WL',1,1,1,0,0,1,67,50,'1:0','1'),('ac9c92d7-d251-4491-85a8-94f4c878faa7','2025-10-25 15:16:19','2025-10-25 15:16:19','40c449f6-c3a4-4a26-bfdd-a472da95d12b',618,'Rennes','Nice',2.23,3.6,3.2,9,10,'DDDDW','WDDLW',2,3,5,2,1,3,47,53,'1:2','2'),('acd1fc39-4caa-4667-a6b2-8b6bc47dc5e9','2025-11-29 10:08:23','2025-11-29 10:08:23','4722dcc7-0209-4176-9b05-3e9cf2c929b8',699,'Nottingham','Brighton',2.75,3.4,2.6,16,6,'WWDLL','WDWLW',3,5,3,4,6,3,47,67,'0:2','2'),('af5f2c7e-4a6e-479c-9c49-d13be5bebb06','2025-09-06 13:35:09','2025-09-06 13:35:09','ff9706de-402c-4ea5-b0c5-5a1bb22f6861',493,'Velez','Cordoba SdE',2.15,2.8,3.35,0,0,'WWWWDL','WWLDWD',0,0,0,0,0,0,72,61,'2:0','1'),('af8bd3fd-c06c-4d93-be21-e50faa123713','2025-07-27 16:45:18','2025-07-27 16:45:18','4e000074-2fca-4f46-9fda-89685a93f3c8',394,'Napredak','Novi Pazar',2.46,3.1,2.55,1,0,'L',NULL,0,0,0,0,1,0,0,0,'2:2','x'),('b6115eb4-eedf-4a7b-9b92-be479ac30dca','2025-11-29 10:08:23','2025-11-29 10:08:23','4a9928bc-5708-4810-85d2-5266211f29ee',700,'Harmburger','Stuttgart',3.15,3.8,2.17,14,5,'LDLLL','DWLWW',2,7,3,1,6,3,7,67,'2:1','1'),('b80142b1-10d5-47cb-b32f-3ae9e9d06799','2025-11-01 13:46:51','2025-11-01 13:46:51','55ff3dde-5066-48a4-a297-d3ffd9530912',638,'Besiktas','Fenerbahce',2.65,3.6,2.41,4,3,'DWLDW','WWDWD',5,6,2,4,3,0,53,73,'2:3','2'),('b882e47d-5170-41be-ace0-8cf6443f3034','2025-11-01 13:46:52','2025-11-01 13:46:52','40c449f6-c3a4-4a26-bfdd-a472da95d12b',640,'Brest','Lyon',3.1,3.6,2.26,14,5,'LLDDW','DWLLW',2,6,3,1,5,3,33,47,'0:0','x'),('b90d16f5-a57b-476e-9ce0-348f3f28de7f','2025-10-25 15:16:19','2025-10-25 15:16:19','40c449f6-c3a4-4a26-bfdd-a472da95d12b',619,'Angers','Lorient',2.6,3.2,2.85,17,14,'DLLLD','DLWDL',1,2,3,2,4,4,13,33,'2:0','1'),('b91077b4-a4c4-47fe-b850-14b48cac1c0b','2025-08-22 17:15:57','2025-08-22 17:15:57','eca82857-4084-4950-a311-1162b8e7b817',441,'Sparta','Utrecht',2.38,3.45,2.75,16,4,'L','W',0,1,0,0,0,0,0,100,'2:1','1'),('ba648ca4-eac3-4d1e-a590-aa011c209c42','2025-09-06 13:35:10','2025-09-06 13:35:10','b3ceaddd-96ad-4df6-94b9-9363c604ac65',495,'Ceuta','Huesca',2.65,3,2.7,22,5,'LLL','WWD',0,2,0,1,3,0,0,78,'2:1','1'),('bab23d8a-9c6e-483d-9a08-e6540e49d53e','2025-08-22 17:16:03','2025-08-22 17:16:03','62287133-4a2b-4e06-b987-bcced36828ec',453,'Cercle Brugge','Westerlo',2.15,3.7,3.05,15,11,'LDD','WDD',0,1,1,0,2,2,22,33,'4:1','1'),('bc5edb76-546b-4251-a7b6-7ac33f21f023','2025-11-25 07:20:59','2025-11-25 07:21:01','3f0b1364-6ede-4bff-a0ed-e1b3a4dc741f',675,'Napoli','Atalanta',2.23,3.3,3.5,4,13,'LDWWL','LLDDD',7,2,1,7,3,2,47,20,'3:1','1'),('bd22c118-75e5-4a65-ad1d-c55626be20df','2025-11-01 13:46:50','2025-11-01 13:46:50','6de3e86c-5405-4ff9-9523-0dd469ad369a',634,'Alaves','Espanyol',2.42,3.05,3.3,12,5,'LDWLD','WWLDD',3,5,3,3,4,2,33,53,'2:1','1'),('bd8f0fa8-793a-428f-acbd-d9d7c93b22c5','2025-11-01 13:46:49','2025-11-01 13:46:49','b3ceaddd-96ad-4df6-94b9-9363c604ac65',627,'Andorra','Cadiz',2.27,3.2,3.1,12,4,'LDLLW','DLWLD',4,5,3,4,4,2,27,33,'0:0','x'),('bdb83856-e5b8-444e-9ac8-a7f6bc1e1e03','2025-09-13 10:33:37','2025-09-13 10:33:37','bf6430f1-b07c-4f27-8239-ff80e5362277',514,'Telstar','Fortuna',2.38,3.45,2.8,12,10,'WDLL','WLD',1,1,1,1,2,1,33,44,'1:3','2'),('bdd34989-5f3c-402b-9bab-691dd0279c9a','2025-08-22 17:16:03','2025-08-22 17:16:03','62287133-4a2b-4e06-b987-bcced36828ec',452,'Charleroi','Antwerp',2.35,3.3,3,13,7,'LDL','WDD',0,1,2,2,1,0,22,56,'1:1','x'),('c02717c9-4a3e-494a-a0f7-5f810d1aabbb','2025-11-18 15:43:03','2025-11-18 15:43:03','b3ceaddd-96ad-4df6-94b9-9363c604ac65',672,'Ceuta','Leganes',2.45,2.95,3,12,15,'LWWD','LLDWD',5,3,3,6,4,4,58,33,'1:2','2'),('c0324993-1eb2-4c4d-859a-32ef60cf334a','2025-11-01 13:46:48','2025-11-01 13:46:48','4722dcc7-0209-4176-9b05-3e9cf2c929b8',625,'Tottenham','Chelsea',2.8,3.55,2.5,3,9,'WLWDD','LWWLL',5,4,2,2,2,3,53,40,'0:1','2'),('c04541e5-34ec-4d07-a4f6-83a8f2909d52','2025-11-08 17:52:39','2025-11-08 17:52:39','c3448dc4-b900-4015-8a19-5ecc4baa7849',649,'Estrela','Nacional',2.75,3.25,2.6,13,9,'WLLWD','LDWWL',2,3,4,2,4,5,47,47,'1:1','x'),('c0d755c2-a71a-4a2e-91b4-c3cf12de3ca3','2025-08-22 17:15:57','2025-08-22 17:15:57','4722dcc7-0209-4176-9b05-3e9cf2c929b8',442,'Nottm Forest','Brentford',2.15,3.35,3.6,0,0,NULL,NULL,0,0,0,0,0,0,0,0,'3:1','1'),('c3745768-9d90-4ffc-b3da-947ca7dd26a2','2025-09-20 10:05:19','2025-09-20 10:05:19','40c449f6-c3a4-4a26-bfdd-a472da95d12b',531,'Auxerre','Toulouse',2.75,3.3,2.7,15,10,'LLLW','LLWW',1,2,0,0,3,2,25,50,'1:0','1'),('c3c453dc-5510-488b-aa74-ce7acb913fe6','2025-11-29 10:08:24','2025-11-29 10:08:24','6de3e86c-5405-4ff9-9523-0dd469ad369a',705,'Celta Vigo','Espanyol',2.06,3.45,3.75,11,6,'WLWWD','WLLWW',3,6,7,3,3,4,67,60,'0:1','2'),('c525c504-d832-419b-bca5-f4aae738aab5','2025-08-27 15:19:33','2025-08-27 15:19:34','3f0b1364-6ede-4bff-a0ed-e1b3a4dc741f',456,'Roma','Bologna',2.1,3.35,3.8,0,0,NULL,NULL,0,0,0,0,0,0,0,0,'1:0','1'),('c57eac9e-d4ce-482d-8e69-cd249cdad6ee','2025-08-30 16:47:24','2025-08-30 16:47:24','1527b64d-cf8c-400d-ab1f-3a1c5972a7c0',474,'Dundee','Dundee Utd',2.6,3.15,2.65,8,10,'DDL','LD',0,0,2,1,0,1,33,33,'0:2','2'),('c7f8ec0b-7c24-453e-98fb-4df0d6fc7b67','2025-08-03 17:00:51','2025-08-03 17:00:52','fc3a760e-7451-490c-896b-1b9ce89c120a',418,'Los Andes','Racing Cordoba',2.16,2.65,3.75,12,10,'LWLDL','LWLDW',7,7,7,9,10,8,39,42,'2:0','1'),('c8e63aeb-dbac-4d20-92c5-24e7c06bea37','2025-09-20 10:05:16','2025-09-20 10:05:17','4722dcc7-0209-4176-9b05-3e9cf2c929b8',525,'Man Utd','Chelsea',2.55,3.65,2.65,14,5,'LWDL','DWWD',1,2,1,2,2,0,33,67,'2:1','1'),('c8e73b86-452e-4187-9b60-f3b5670f2090','2025-10-18 17:30:59','2025-10-18 17:30:59','f0ffa9fc-38e2-4f1d-a524-e9abbf268183',600,'Varnamo','Brommapojkarna',2.6,3.65,2.38,16,11,'WLLLL','LLWLW',3,9,6,2,17,15,20,40,'1:1','x'),('c91b80ce-35c2-4e50-8185-5294bcec32c8','2025-08-03 17:00:50','2025-08-03 17:00:50','458ef1d6-3001-4101-aa96-85d46a4624cb',411,'Motor','Jagiellonia',2.9,3.35,2.21,11,12,'LW','WL',1,1,0,0,1,1,50,50,'N/P','x'),('c96d8294-c1b9-43c4-be02-0a03457ce318','2025-09-20 10:05:17','2025-09-20 10:05:17','4722dcc7-0209-4176-9b05-3e9cf2c929b8',526,'Bournemouth','Newcastle',2.41,3.5,2.95,4,10,'WWWL',NULL,3,1,0,2,1,1,75,42,'0:0','x'),('ca9c88d2-81d8-447b-ac1f-de94d74293d3','2025-07-27 16:30:04','2025-07-27 16:30:04','62acb8ed-da51-491f-92db-bc73b1e7b344',389,'Liepaja','Auda',2.5,3.35,2.39,4,3,'LWLWWW','LLDWWL',10,5,5,3,8,7,51,54,'2:0','1'),('cb0b5abc-81b7-408a-952e-0f8cf24210e3','2025-08-22 17:15:58','2025-08-22 17:15:58','aebabbfd-28c9-4c69-bd3e-ad259a81fea3',443,'Kilmarnock','Dundee',1.78,3.7,3.85,0,0,NULL,NULL,0,0,0,0,0,0,0,0,'2:1','1'),('cb97c550-2803-4f22-bb0d-a735dc3c4c33','2025-08-22 17:16:00','2025-08-22 17:16:01','40c449f6-c3a4-4a26-bfdd-a472da95d12b',448,'Metz','Strasbourg',3.45,3.5,2.32,0,0,NULL,NULL,0,0,0,0,0,0,0,0,'0:1',NULL),('cce317ba-7f09-4c8b-82a3-c2fa6ac8d5e7','2025-08-03 17:00:51','2025-08-03 17:00:51','3875010c-a8e7-4139-abce-d2b63b892128',414,'Csakvari','BVSC',2.7,3.05,2.39,2,1,'W','W',1,1,0,0,0,0,100,100,'2:0','1'),('cd66cd73-475e-4009-8ebc-a5c25ea1b7cd','2025-10-18 10:47:50','2025-10-18 10:47:50','40c449f6-c3a4-4a26-bfdd-a472da95d12b',567,'Le Havre','Rennes',2.95,3.45,2.42,16,10,'DDLWL','DDWDL',1,2,2,3,3,1,33,40,'2:2','x'),('cd6e12f8-8864-4930-9236-b446b368b8a8','2025-10-18 10:47:51','2025-10-18 10:47:51','62287133-4a2b-4e06-b987-bcced36828ec',571,'Brugge','Union St. Gilloise',2.25,3.6,2.95,4,1,NULL,'WWWWD',5,7,2,2,2,0,87,87,'1:0','1'),('ceca4a85-3035-4d43-82e7-bc4cbcb653e5','2025-10-25 15:16:16','2025-10-25 15:16:17','40c449f6-c3a4-4a26-bfdd-a472da95d12b',608,'Lens','Marseille',2.75,3.55,2.55,4,1,'WDWWL','WWWWW',5,6,1,0,2,2,67,100,'2:1','1'),('d01542be-69de-4908-8e99-e5daf7d1956a','2025-08-27 15:19:40','2025-08-27 15:19:40','b3ceaddd-96ad-4df6-94b9-9363c604ac65',465,'Cultural','Almeria',2.95,3.45,2.21,21,11,'L','D',0,0,0,1,1,0,0,33,'0:1','2'),('d029b400-02e6-40c9-93c0-350a9b83428b','2025-11-08 17:52:39','2025-11-08 17:52:39','bf6430f1-b07c-4f27-8239-ff80e5362277',650,'St. Gallen','Young Boys',2.27,3.5,2.7,3,4,'LWWLL','DDWLL',7,4,0,4,4,3,40,27,'1:4','2'),('d19ab647-1fc2-44d4-b03f-d808978a5e7e','2025-10-18 10:40:28','2025-10-18 10:40:29','4722dcc7-0209-4176-9b05-3e9cf2c929b8',559,'Chelsea','Liverpool',3.17,3.69,2.25,7,1,'LLDWW','LWWWW',2,4,2,0,2,1,40,80,'2:1','1'),('d4a31011-d0a8-4484-b496-bb551e458186','2025-09-13 10:33:40','2025-09-13 10:33:40','40c449f6-c3a4-4a26-bfdd-a472da95d12b',523,'Rennes','Lyon',2.7,3.6,2.55,10,2,'DLW','WWW',1,3,1,0,1,0,44,100,'3:1','1'),('d4fe28ea-ff14-4b70-bb8c-a27376c60f34','2025-11-08 17:52:40','2025-11-08 17:52:40','40c449f6-c3a4-4a26-bfdd-a472da95d12b',653,'Strasbourg','Lille',2.75,3.6,2.5,7,4,'LWLDW','WLWWD',6,6,1,2,7,3,47,67,'2:0','1'),('d5693ee6-1978-4a82-804d-98cbecf62ac4','2025-09-27 09:31:57','2025-09-27 09:31:57','40c449f6-c3a4-4a26-bfdd-a472da95d12b',551,'Metz','Le Havre',2.7,3.4,2.7,18,15,'LDLLL','DLWLL',0,1,1,1,4,3,7,27,'0:0','x'),('d5fa3c64-62c0-4cca-af57-3910a10460e4','2025-10-25 15:16:17','2025-10-25 15:16:17','eca82857-4084-4950-a311-1162b8e7b817',609,'Feyenoord','PSV',2.75,3.55,2.6,1,2,'WWWDW','WWWDW',8,7,1,1,0,1,87,87,'2:3','2'),('d610fcbb-e920-488f-9da3-b2085433e71b','2025-11-08 17:52:38','2025-11-08 17:52:39','40c449f6-c3a4-4a26-bfdd-a472da95d12b',647,'Lorient','Toulouse',3,3.3,2.47,16,10,'LDLDL','DDLWW',2,4,3,3,6,4,13,53,'1:1','x'),('d6185965-0eb5-4bb1-9f4c-28442c5716b0','2025-08-27 15:22:16','2025-08-27 15:22:16','40bd6dff-cf30-4d42-bfa4-3779b2141d42',472,'Paysandu','Operario FC',2.4,3,3.18,20,11,'LLDDD','DLWDW',3,8,9,6,10,8,30,43,NULL,NULL),('d6b6edbd-12ee-4653-86c1-d193b1d2b24f','2025-11-08 17:52:41','2025-11-08 17:52:41','375cb4f2-b469-404a-a7f9-c1572dc13c14',657,'Panathinaikos','PAOK',2.27,3.15,2.85,8,1,'LWDWW','WWWWD',3,7,3,2,2,0,67,87,'2:1','1'),('d729efd7-549c-4d6d-ac57-7b387c39eb4c','2025-08-30 17:48:48','2025-08-30 17:48:48','bf19022a-a6ba-4b0d-be9b-cc482c1465ad',484,'Suditrol','Sampdoria',2.47,3.1,2.75,11,19,'D','L',0,0,1,0,0,1,33,0,'3:1','1'),('d74a1360-d5d9-471b-9bf3-9c3fe67e5927','2025-11-18 15:42:57','2025-11-18 15:42:57','8cf3b1e6-76a6-496d-8642-350b6c60d084',664,'MK Dons','Salford',2.12,3.45,2.95,5,4,'DLWWW','DWWLL',7,8,4,2,4,5,67,47,'2:0','1'),('d92e6b65-f6f5-41a0-b312-98b6144fe409','2025-08-30 17:48:46','2025-08-30 17:48:46','b3ceaddd-96ad-4df6-94b9-9363c604ac65',479,'Fc Andorra','Burgos',2.29,3.1,3.1,8,5,'WD','DW',1,1,1,1,0,0,83,83,'2:1','1'),('db774c5b-0448-4481-87fb-73e054758998','2025-10-18 17:30:59','2025-10-18 17:30:59','bf19022a-a6ba-4b0d-be9b-cc482c1465ad',603,'Empoli','Venezia',2.9,3,2.45,13,6,'WDDLD','WDWLD',2,3,3,3,2,1,40,53,'1:1','x'),('dbf3686a-2334-48d0-aaf7-9af3ba9b645e','2025-08-22 17:15:59','2025-08-22 17:16:00','de3db86b-0432-4ce2-bc8d-a04948a46aa7',446,'KFUM','Molde',2.75,3.05,2.6,8,9,'DWWWW','WWWLL',7,7,4,2,6,8,49,45,'0:0','x'),('dc92cacf-7bc0-4669-b2de-b9cc09c322ff','2025-09-27 09:31:57','2025-09-27 09:31:58','63d80fac-cc75-45e5-84dc-992a6695097f',554,'Nordsjaelland','Aarhus',2.75,3.6,2.41,6,1,'LWWWL','WWWWW',4,6,0,2,5,1,60,100,'1:2','2'),('dd53cc1f-a9de-468e-987a-c7cc2419ed8e','2025-09-20 10:05:18','2025-09-20 10:05:19','de3db86b-0432-4ce2-bc8d-a04948a46aa7',530,'Stroemsgodset','sarpsborg',2.42,3.65,2.55,15,10,'WWDLW','WWLLL',5,7,1,7,15,7,25,44,'2:1','1'),('de8ba4e3-9291-42e4-95ec-9fb34352ffd7','2025-09-06 13:35:12','2025-09-06 13:35:12','d86e1297-98ab-4b8f-97e0-e6f5758b8516',505,'Floresta','Caxias',2.7,2.6,2.75,0,0,NULL,NULL,0,0,0,0,0,0,0,0,'0:0','x'),('defb9745-1941-4281-b087-9e130731f780','2025-11-25 07:33:22','2025-11-25 07:33:22','9ca25dac-c230-4aad-b9e9-5d6cd8e8688d',685,'Primorje','Mura',2.6,3.25,2.34,9,8,'LLLLW','WDWDD',3,3,2,6,10,6,20,60,'1:0','1'),('e002d342-0be9-4452-9aa0-4e44791bac2e','2025-11-18 15:43:03','2025-11-18 15:43:03','b3ceaddd-96ad-4df6-94b9-9363c604ac65',673,'Cordoba','Dep. La Coruna',2.35,3.3,2.85,8,3,'DWWDW','WWDLL',5,6,5,5,3,2,73,47,'1:3','2'),('e06f21ed-7978-45e3-a9a1-d295293834d8','2025-08-03 17:00:51','2025-08-03 17:00:51','bc9826d4-3bc3-4d5d-b4db-e9f0c0f42f94',415,'Dynamo Makh.','Akhmat',3,2.85,2.31,12,13,'DL','LL',0,0,1,0,1,2,17,0,'1:0','1'),('e116212f-71d4-4af0-a229-ee29c023494b','2025-11-29 10:08:21','2025-11-29 10:08:21','4722dcc7-0209-4176-9b05-3e9cf2c929b8',693,'Everton','Newcastle',2.75,3.3,2.65,11,14,'WWDLL','WLLWL',5,4,3,3,4,5,47,40,'1:4','2'),('e2d1a684-3876-4b06-ac3f-d3acfe242352','2025-10-25 15:16:19','2025-10-25 15:16:19','bf6430f1-b07c-4f27-8239-ff80e5362277',616,'Servette','Lugano',2.39,3.55,2.65,11,7,'LLWWL','WWWDL',2,4,2,1,5,4,40,67,'2:1','1'),('e44c8ea3-c314-48a7-b16c-773c7cc61ea3','2025-10-25 15:16:19','2025-10-25 15:16:19','40c449f6-c3a4-4a26-bfdd-a472da95d12b',617,'Auxerre','Le Havre',2.16,3.45,3.5,15,16,'DLLWL','LDDDL',2,1,1,3,5,4,27,20,'0:1','2'),('e4965e1c-fafa-440e-978e-b8d005955764','2025-09-13 10:33:39','2025-09-13 10:33:39','6de3e86c-5405-4ff9-9523-0dd469ad369a',520,'Osasuna','Rayo',2.55,3.2,2.95,13,10,'LWL','DLW',1,1,0,1,2,1,33,44,'2:0','1'),('e56eef40-dc80-4b63-ae65-63be7d348990','2025-09-06 13:35:12','2025-09-06 13:35:12','2e759035-520b-46ad-aaae-5a5e110565ed',503,'Cobresal','Palestino',2.55,3.2,2.39,7,2,'LDLLWW','WDLWDW',9,11,5,6,7,4,51,62,'2:1','1'),('e659ac43-744f-40f0-b3a7-59fbad17a7d1','2025-10-18 17:30:58','2025-10-18 17:30:58','6de3e86c-5405-4ff9-9523-0dd469ad369a',598,'Celta Vigo','Real Sociedad',2.16,3.4,3.55,16,19,'DLDDD','LLWLL',0,1,6,2,2,5,27,20,'1:1','x'),('e6b44b8b-5c1a-4f7f-b841-4ffcf77e5aef','2025-10-18 17:30:57','2025-10-18 17:30:57','55ff3dde-5066-48a4-a297-d3ffd9530912',596,'Alanyaspor','Goztepe',2.95,3.1,2.43,9,3,'DLDDW','WDWDD',2,4,4,4,2,0,40,60,'1:0','1'),('e74bdae3-abdb-4d1d-8abe-37695b7b0acd','2025-08-27 15:19:38','2025-08-27 15:19:38','3f0b1364-6ede-4bff-a0ed-e1b3a4dc741f',461,'Como','Lazio',2.46,3.35,3,0,0,NULL,NULL,0,0,0,0,0,0,0,0,'2:0','1'),('e75f5d3a-9b08-4628-bcca-78d84c3f5855','2025-11-18 15:43:01','2025-11-18 15:43:01','7bd0a94e-79f1-4fd3-9bdc-dcc54ae94341',666,'Triestina','Trento',2.41,3.1,2.6,20,7,'LLLDL','WWDDW',3,4,4,7,6,2,7,73,'1:1','x'),('e7d0be0e-a3f0-4a43-8e2a-8d2cf0455222','2025-08-27 15:19:38','2025-08-27 15:19:38','3f0b1364-6ede-4bff-a0ed-e1b3a4dc741f',462,'Cagliari','Fiorentina',3.3,3.3,2.29,0,0,NULL,NULL,0,0,0,0,0,0,0,0,'1:1','x'),('e98718d2-d66e-4a8f-9d34-4e4e58819f79','2025-10-18 17:30:52','2025-10-18 17:30:54','3f0b1364-6ede-4bff-a0ed-e1b3a4dc741f',591,'AS Roma','Inter',3.45,3.25,2.25,2,4,'WWWLW','WWWLL',5,4,0,0,1,2,80,60,'0:1','2'),('eb12dbb9-cc36-42d6-9c1f-c1f25428277d','2025-08-03 17:00:48','2025-08-03 17:00:48','4451d678-33cb-4b95-b8fa-21a0a51ed858',407,'Kaparty Lviv','Polissya',2.16,3,3.1,0,0,NULL,NULL,0,0,0,0,0,0,0,0,'0:2','2'),('eb84ec1d-3755-4b7c-95ca-3f9f596a2e33','2025-11-25 07:33:23','2025-11-25 07:33:23','7639e361-6652-434a-b85c-2be6db26fcf8',689,'Slovacko','Zlin',2.55,3.05,2.6,16,8,'LLLDD','LWDDD',1,6,5,5,9,4,13,33,'2:0','1'),('eb904ac8-35d9-416d-b14c-58b91c04ebd7','2025-10-18 10:47:50','2025-10-18 10:47:50','de3db86b-0432-4ce2-bc8d-a04948a46aa7',566,'Stroemsgodset','KFUM',2.95,3.35,2.27,15,8,'LLWWW','WDWDL',6,8,1,8,16,7,60,53,'1:1','x'),('ebef98e7-864b-4aad-be0b-8cc20e9b03f3','2025-08-22 17:16:02','2025-08-22 17:16:02','63d80fac-cc75-45e5-84dc-992a6695097f',451,'Randers','Broendby',2.65,3.6,2.46,3,2,'LWWD','WWWL',2,3,1,0,1,1,58,75,'0:2','1'),('ec3a9b68-1522-4e76-8b37-7dbbaeba2c21','2025-11-08 17:52:35','2025-11-08 17:52:36','6de3e86c-5405-4ff9-9523-0dd469ad369a',642,'Espanyol','Villareal',2.85,3.6,2.42,6,3,'LWWLD','WWDLW',5,7,3,2,3,2,47,67,'0:2','2'),('ecf71661-f729-4a26-8112-65b40caca6a5','2025-11-01 13:46:51','2025-11-01 13:46:51','de3db86b-0432-4ce2-bc8d-a04948a46aa7',635,'HamKam','Sandefjord',2.47,3.55,2.55,11,5,'WWDWL','DDWWW',8,12,7,3,11,11,67,73,'3:1','1'),('ed436255-63e2-4baa-ac41-eb5840b41133','2025-11-01 13:46:51','2025-11-01 13:46:51','45124463-2617-4915-be32-50e76960b505',636,'SK Rapid','Salzburg',2.22,3.35,2.7,3,1,'WLLLD','LWWWW',6,7,2,0,3,3,40,80,'2:1','1'),('eedd0da7-8bc5-46fc-aef5-f259054b0d09','2025-11-25 07:33:21','2025-11-25 07:33:21','ca134be6-3a38-4e0f-8e52-a6502cb8c0dc',681,'Al Ittihad','El Gouna',2.42,2.7,2.6,20,14,'LLLWL','LWLWD',2,3,2,6,8,3,20,47,'0:2','2'),('ef45296f-e43b-42a5-b16f-6b0d19f69460','2025-07-27 16:45:18','2025-07-27 16:45:18','62287133-4a2b-4e06-b987-bcced36828ec',395,'Sint Truiden','Gent',2.13,3.6,3.2,0,0,NULL,NULL,0,0,0,0,0,0,0,0,'3:1','1'),('ef526554-c0ec-4a56-b460-b80b04edd478','2025-10-18 17:30:59','2025-10-18 17:30:59','40c449f6-c3a4-4a26-bfdd-a472da95d12b',602,'Lorient','Brest',2.44,3.4,2.95,13,12,'LWDLL','DWWLL',2,2,1,2,4,3,40,53,'3:3','x'),('efaf22bf-a9d4-4d5e-91ca-1a8c4c58cda4','2025-09-27 09:31:56','2025-09-27 09:31:56','6de3e86c-5405-4ff9-9523-0dd469ad369a',547,'Elche','Celta Vigo',2.85,3.2,2.65,5,15,'DWDWD','DDDDD',2,0,4,5,0,1,60,33,'2:1','1'),('f0bf2e47-ae4d-4143-88c7-87b595af74dd','2025-11-25 07:33:22','2025-11-25 07:33:22','40c449f6-c3a4-4a26-bfdd-a472da95d12b',684,'Nantes','Lorient',2.65,3.4,2.75,16,17,'DLLWL','DLDLD',2,2,4,4,6,6,27,20,'1:1','x'),('f0dbee98-28d4-4d78-850e-045b9bdb0af6','2025-11-29 10:08:24','2025-11-29 10:08:24','40c449f6-c3a4-4a26-bfdd-a472da95d12b',703,'Lorient','Nice',2.48,3.4,2.95,16,9,'DDLDL','LLLWW',2,5,5,2,6,6,23,40,'3:1','1'),('f0f27d68-d8cf-4f4f-b655-625e709aed9b','2025-08-27 15:22:14','2025-08-27 15:22:14','3875010c-a8e7-4139-abce-d2b63b892128',467,'Budapest','Paksi',2.17,3.8,2.55,0,0,NULL,NULL,0,0,0,0,0,0,0,0,'2:3','2'),('f15863e5-01ec-4953-8f02-c0a78094661a','2025-10-25 15:16:17','2025-10-25 15:16:17','3f0b1364-6ede-4bff-a0ed-e1b3a4dc741f',610,'Verona','Cagliari',2.28,3.1,3.6,17,13,'DLLDD','LDLWW',0,2,4,2,3,3,20,47,'2:2','x'),('f176688d-65d3-43ea-8a01-4b06ff59cb9a','2025-10-18 10:47:51','2025-10-18 10:47:51','4a9928bc-5708-4810-85d2-5266211f29ee',572,'Monchegladbach','Freiburg',2.4,3.55,2.9,11,11,'LDLLD','DWWLL',2,2,1,1,2,2,20,47,'0:0','x'),('f29c1c4c-9fa2-4f83-88da-e2f20b0b3857','2025-08-30 17:48:48','2025-08-30 17:48:48','b3ceaddd-96ad-4df6-94b9-9363c604ac65',485,'Betis','Athletic',3,3.15,2.55,7,4,'DWD','WW',1,2,2,0,0,0,56,100,'1:2','2'),('f41ced46-dbcb-4107-a3a3-ca9a0784f4ae','2025-10-18 17:30:55','2025-10-18 17:30:56','eca82857-4084-4950-a311-1162b8e7b817',593,'Excelsior','Sittard',2.24,3.5,2.95,17,8,'LLWLW','WLWLW',2,4,0,1,6,3,40,60,'1:0','1'),('f520ebde-f4b3-49bc-8180-d4d52eaf7600','2025-10-18 10:47:52','2025-10-18 10:47:52','eca82857-4084-4950-a311-1162b8e7b817',574,'G.A Eagles','NEC',2.43,3.85,2.5,12,9,'LWWDL','WLLLW',2,4,3,0,2,3,47,40,'1:1','x'),('f5430281-f14c-4f58-8e87-cf87a78d1c68','2025-09-20 10:05:19','2025-09-20 10:05:19','3f0b1364-6ede-4bff-a0ed-e1b3a4dc741f',533,'Fiorentina','Como',2.7,3.3,2.75,16,9,'LDD','DLW',0,1,2,1,1,1,22,44,'1:2','2'),('f55280cb-c867-4827-8406-43597952797f','2025-09-27 09:31:58','2025-09-27 09:31:58','c0b2895d-730e-4169-8221-59dffa97d788',556,'Viktoria Koln','Vfl Osnabruck',2.34,3.3,2.7,8,6,'LWWWl','WDDWW',4,3,0,3,3,1,60,73,'0:0','x'),('f59d087e-91a0-4dd8-9c28-3d2546f3391f','2025-09-27 09:31:56','2025-09-27 09:31:56','bf6430f1-b07c-4f27-8239-ff80e5362277',548,'Sion','Laussanne',2.22,3.35,3,5,10,'LWLDW','DLLLL',3,1,1,1,2,4,47,7,'0:0','x'),('f705098a-87a5-458a-901f-1fbceee1ccd4','2025-08-30 17:48:47','2025-08-30 17:48:47','3f0b1364-6ede-4bff-a0ed-e1b3a4dc741f',483,'Torino','Fiorentina',3.2,3.15,2.44,19,8,'L','D',0,0,0,1,1,0,0,33,'0:0','x'),('f7896fb8-f478-4855-a6c3-a913cd025529','2025-09-06 13:35:11','2025-09-06 13:35:11','b3ceaddd-96ad-4df6-94b9-9363c604ac65',502,'Cultural','Leganes',3.1,3.15,2.28,21,16,'LLL','DDD',0,0,0,3,3,0,0,33,'0:0','x'),('fab4e339-8c75-40fe-96ff-a249a98ec1d6','2025-09-13 10:33:39','2025-09-13 10:33:39','62287133-4a2b-4e06-b987-bcced36828ec',519,'Anderlecht','Genk',2.5,3.55,2.65,5,9,'LWLWWW','WWLDL',3,2,0,1,2,2,60,47,'1:1','x'),('fadb1aea-2be3-4e91-afea-6882a33b2ab2','2025-09-20 10:05:18','2025-09-20 10:05:18','c3448dc4-b900-4015-8a19-5ecc4baa7849',528,'Tondela','Estrela',2.28,3.05,3.4,18,15,'LDLLL','LDDLD',0,0,1,3,4,2,7,20,'0:0','x'),('fb7e52cd-1d1f-48f5-932e-6033485769a5','2025-08-22 17:16:00','2025-08-22 17:16:00','40c449f6-c3a4-4a26-bfdd-a472da95d12b',447,'Auxerre','Lorient',2.48,3.3,3,0,0,NULL,NULL,0,0,0,0,0,0,0,0,'1:0','1'),('fba5808a-1a70-44fa-8b73-63317fc788e3','2025-09-27 09:31:55','2025-09-27 09:31:55','3f0b1364-6ede-4bff-a0ed-e1b3a4dc741f',544,'Pisa','Fiorentina',3.35,3.25,2.29,19,17,'LLLD','LLDD',0,0,1,2,3,2,8,16,'0:0','x'),('fc354454-3b71-4f97-b21e-b4115aa4af7c','2025-09-13 10:33:39','2025-09-13 10:33:39','63d80fac-cc75-45e5-84dc-992a6695097f',518,'Silkeborg','OB',2.17,3.75,3,11,10,'WLLWL','LWDLW',2,2,0,2,5,3,29,29,'2:1','1'),('fdb6d2e3-7ff3-47e4-b943-4a99867f64af','2025-09-06 13:35:10','2025-09-06 13:35:10','681705a3-4f87-40b3-89dd-122e6a82643a',498,'Warta Poznan','Z Sosnowlec',2.6,3.15,2.38,17,14,'DDDDL','DDDLL',0,1,4,3,2,2,22,33,'1:0','1'),('fe00508d-3ea7-4ec9-9bee-42bc2957ab73','2025-11-08 17:52:39','2025-11-08 17:52:39','45124463-2617-4915-be32-50e76960b505',651,'Sturm Graz','Salzburg',2.29,3.5,2.5,4,1,'LLWWW','WWDWW',7,7,0,3,4,2,60,87,'1:1','x');
/*!40000 ALTER TABLE `matches` ENABLE KEYS */;
UNLOCK TABLES;

--
-- Table structure for table `predictions`
--

DROP TABLE IF EXISTS `predictions`;
/*!40101 SET @saved_cs_client     = @@character_set_client */;
/*!50503 SET character_set_client = utf8mb4 */;
CREATE TABLE `predictions` (
  `id` varchar(60) NOT NULL,
  `created_at` datetime NOT NULL,
  `updated_at` datetime NOT NULL,
  `match_id` varchar(60) NOT NULL,
  `user_id` varchar(60) NOT NULL,
  `prediction` varchar(10) DEFAULT NULL,
  PRIMARY KEY (`id`),
  KEY `match_id` (`match_id`),
  KEY `user_id` (`user_id`),
  CONSTRAINT `predictions_ibfk_1` FOREIGN KEY (`match_id`) REFERENCES `matches` (`id`),
  CONSTRAINT `predictions_ibfk_2` FOREIGN KEY (`user_id`) REFERENCES `users` (`id`)
) ENGINE=InnoDB DEFAULT CHARSET=utf8mb4 COLLATE=utf8mb4_0900_ai_ci;
/*!40101 SET character_set_client = @saved_cs_client */;

--
-- Dumping data for table `predictions`
--

LOCK TABLES `predictions` WRITE;
/*!40000 ALTER TABLE `predictions` DISABLE KEYS */;
/*!40000 ALTER TABLE `predictions` ENABLE KEYS */;
UNLOCK TABLES;

--
-- Table structure for table `teams`
--

DROP TABLE IF EXISTS `teams`;
/*!40101 SET @saved_cs_client     = @@character_set_client */;
/*!50503 SET character_set_client = utf8mb4 */;
CREATE TABLE `teams` (
  `id` varchar(60) NOT NULL,
  `created_at` datetime NOT NULL,
  `updated_at` datetime NOT NULL,
  `league_id` varchar(60) NOT NULL,
  `name` varchar(60) NOT NULL,
  `position` int NOT NULL,
  `mp` int NOT NULL,
  `won` int NOT NULL,
  `drawn` int NOT NULL,
  `lost` int NOT NULL,
  `points` int NOT NULL,
  PRIMARY KEY (`id`),
  KEY `league_id` (`league_id`),
  CONSTRAINT `teams_ibfk_1` FOREIGN KEY (`league_id`) REFERENCES `leagues` (`id`)
) ENGINE=InnoDB DEFAULT CHARSET=utf8mb4 COLLATE=utf8mb4_0900_ai_ci;
/*!40101 SET character_set_client = @saved_cs_client */;

--
-- Dumping data for table `teams`
--

LOCK TABLES `teams` WRITE;
/*!40000 ALTER TABLE `teams` DISABLE KEYS */;
INSERT INTO `teams` VALUES ('0353c1e7-1994-4ab7-8104-62aab77e8240','2025-07-17 08:33:14','2025-07-17 08:33:14','02be4642-a819-45c7-8c42-9f54d4a75618','New Mexico Utd',3,15,8,1,6,25),('0a16fe61-cd0b-4278-b6eb-d663591aa229','2025-07-16 12:01:15','2025-07-16 12:01:15','fc3a760e-7451-490c-896b-1b9ce89c120a','Mitre SdE',8,22,8,7,7,31),('11417ea1-2522-4d70-8bbb-d1936695c8eb','2025-07-16 16:02:15','2025-07-16 16:02:15','8ef00440-ac47-4ba2-9685-dd8a46753e45','Kerry',9,22,0,0,0,21),('197f0d06-7edb-46de-8e34-a9297b22c01a','2025-07-17 16:51:12','2025-07-17 16:51:12','177b1bea-a488-43a0-a150-5e1bc711f94f','Mirassol',11,12,4,6,2,18),('38e7203a-59ee-4579-911e-6c2ebbecb2fa','2025-07-16 11:36:54','2025-07-16 11:36:54','fc3a760e-7451-490c-896b-1b9ce89c120a','Talleres',18,22,1,5,16,8),('506de33a-137f-43a3-b087-ce294da4c108','2025-07-17 16:51:12','2025-07-17 16:51:12','177b1bea-a488-43a0-a150-5e1bc711f94f','Fluminense',7,11,6,2,3,20),('63199d65-9c80-40b3-82c2-d20c0654abb0','2025-07-16 12:01:14','2025-07-16 12:01:15','fc3a760e-7451-490c-896b-1b9ce89c120a','Est Caseros',10,22,8,6,8,30),('647e4143-d7d3-421b-9bcb-a7ca163228d1','2025-07-17 09:01:32','2025-07-17 09:01:32','8417f721-956a-43f9-a48e-7bf75c48d090','Fortaleza',4,1,1,0,0,3),('6b97c49e-ac40-4f3c-8adb-d1c5c3312fa0','2025-07-17 08:33:12','2025-07-17 08:33:12','02be4642-a819-45c7-8c42-9f54d4a75618','Phoenix Rising',5,16,6,5,5,23),('6e6fb26d-0c13-4767-8357-4259a23e2f07','2025-07-16 12:01:16','2025-07-16 12:01:16','fc3a760e-7451-490c-896b-1b9ce89c120a','Chaco',6,22,11,3,8,36),('8a05a122-ee0e-4861-8f68-bd360434968f','2025-07-17 15:52:18','2025-07-17 15:52:18','de3db86b-0432-4ce2-bc8d-a04948a46aa7','Brann',2,15,9,3,3,30),('8f5c69c6-1a07-4a55-92d2-4d24a07f4a25','2025-07-17 08:33:12','2025-07-17 08:33:12','02be4642-a819-45c7-8c42-9f54d4a75618','Roots',11,16,5,2,9,17),('90995ebe-7b2e-450a-bd17-cb96742f321f','2025-07-17 14:12:59','2025-07-17 14:12:59','fc899226-1b00-42ff-a997-0f82510f575e','Zhiyun',6,16,6,4,6,22),('9382f012-0d7f-493b-aad3-9d8b5f4e0a65','2025-07-17 15:10:24','2025-07-17 15:10:24','f0ffa9fc-38e2-4f1d-a524-e9abbf268183','Hammarby',2,16,10,3,3,33),('9ba097e4-2cd7-4a98-a1db-1500e1fb5ea4','2025-07-17 08:33:11','2025-07-17 08:33:11','48d5c321-e210-47bf-abfd-94e6bc5bb308','Chicago',0,22,8,5,9,29),('a1f561ce-efb4-4bfe-9149-dd6e899919ec','2025-07-17 14:13:00','2025-07-17 14:13:00','fc899226-1b00-42ff-a997-0f82510f575e','Jiading',9,16,6,2,8,20),('a8936e8f-d720-4ba2-a391-791b34400f40','2025-07-17 08:33:12','2025-07-17 08:33:12','02be4642-a819-45c7-8c42-9f54d4a75618','Charleston',1,17,0,2,3,38),('ad71e2da-ffec-47af-b5d9-4427c555aae5','2025-07-16 12:01:15','2025-07-16 12:01:15','fc3a760e-7451-490c-896b-1b9ce89c120a','Gimn Jujuy',1,22,11,9,2,42),('b39c3299-81c5-4307-b5b7-f269859f91f1','2025-07-17 15:52:16','2025-07-17 15:52:17','de3db86b-0432-4ce2-bc8d-a04948a46aa7','Kristiansund',9,15,5,3,5,18),('b7f34201-b0da-4755-842f-7a694fc35ea6','2025-07-17 15:52:16','2025-07-17 15:52:16','de3db86b-0432-4ce2-bc8d-a04948a46aa7','Bryne',10,13,5,3,5,18),('c305b418-b4c9-4857-93e5-5ee3bb02ec1c','2025-07-17 15:52:16','2025-07-17 15:52:16','de3db86b-0432-4ce2-bc8d-a04948a46aa7','Valerenga',12,14,4,3,7,15),('c8fca9fa-8a29-4ad1-a2e2-c3f21c791b5e','2025-07-17 16:41:09','2025-07-17 16:41:09','ceda5196-df31-4a73-a350-a98fec17f15a','SalPa',10,14,1,3,10,6),('c9997b1a-cb1a-4c3b-a5e5-df66ef9568e1','2025-07-16 11:45:34','2025-07-16 11:45:34','fc3a760e-7451-490c-896b-1b9ce89c120a','San Telmo',21,0,6,9,6,27),('cc8ab101-6aa1-4917-8873-182099849a08','2025-07-16 16:02:15','2025-07-16 16:02:15','8ef00440-ac47-4ba2-9685-dd8a46753e45','Longford',7,23,0,0,0,25),('dae3486f-98db-467e-a273-4fe78354414b','2025-07-17 15:52:17','2025-07-17 15:52:17','de3db86b-0432-4ce2-bc8d-a04948a46aa7','Sarpsborg',6,13,5,6,2,21),('dcb1e5c5-8f6f-403e-b3c4-7e1ca0dd71e8','2025-07-17 09:01:33','2025-07-17 09:01:33','8417f721-956a-43f9-a48e-7bf75c48d090','Envigado',0,1,0,0,1,0),('de200100-74ae-4e90-a01a-ce1078ca6da2','2025-07-17 08:33:12','2025-07-17 08:33:12','02be4642-a819-45c7-8c42-9f54d4a75618','Lexington',9,16,4,6,6,18),('e988f3c4-c6d9-4a2c-bf3b-b6d32333b5c8','2025-07-17 08:33:11','2025-07-17 08:33:11','48d5c321-e210-47bf-abfd-94e6bc5bb308','San Diego',1,23,13,3,7,42),('ea0476e5-246a-4a08-86f4-68a8d86efba7','2025-07-17 15:10:23','2025-07-17 15:10:23','f0ffa9fc-38e2-4f1d-a524-e9abbf268183','GAIS',6,15,6,7,2,25),('efabbc28-c071-481b-96e9-5ed32d1c800e','2025-07-17 08:33:12','2025-07-17 08:33:12','02be4642-a819-45c7-8c42-9f54d4a75618','Miami',0,15,5,3,7,18),('f024ddbf-2b72-4026-8383-99558d5a3e67','2025-07-17 16:41:08','2025-07-17 16:41:08','ceda5196-df31-4a73-a350-a98fec17f15a','KaPa',9,15,2,3,10,9),('f84caac9-d64b-48d8-b089-8fd03c9af7cc','2025-07-17 08:33:10','2025-07-17 08:33:10','48d5c321-e210-47bf-abfd-94e6bc5bb308','Toronto',12,22,5,6,11,21),('fd47d76f-0d8b-45f9-b790-f596015e026a','2025-07-17 15:52:17','2025-07-17 15:52:17','de3db86b-0432-4ce2-bc8d-a04948a46aa7','Viking',1,16,11,3,2,36),('fe396edd-8de7-4074-b88c-8a8298d95feb','2025-07-17 08:33:11','2025-07-17 08:33:11','48d5c321-e210-47bf-abfd-94e6bc5bb308','Atlanta United',13,22,4,8,10,20);
/*!40000 ALTER TABLE `teams` ENABLE KEYS */;
UNLOCK TABLES;

--
-- Table structure for table `users`
--

DROP TABLE IF EXISTS `users`;
/*!40101 SET @saved_cs_client     = @@character_set_client */;
/*!50503 SET character_set_client = utf8mb4 */;
CREATE TABLE `users` (
  `id` varchar(60) NOT NULL,
  `created_at` datetime NOT NULL,
  `updated_at` datetime NOT NULL,
  `email` varchar(128) NOT NULL,
  `password` varchar(128) NOT NULL,
  `username` varchar(128) DEFAULT NULL,
  PRIMARY KEY (`id`)
) ENGINE=InnoDB DEFAULT CHARSET=utf8mb4 COLLATE=utf8mb4_0900_ai_ci;
/*!40101 SET character_set_client = @saved_cs_client */;

--
-- Dumping data for table `users`
--

LOCK TABLES `users` WRITE;
/*!40000 ALTER TABLE `users` DISABLE KEYS */;
INSERT INTO `users` VALUES ('2d3c3d62-d86b-446a-a4e1-e66a8802dda6','2025-07-13 00:22:24','2025-07-13 00:22:24','kmburu007@gmail.com','rootpwd','Mwelusi');
/*!40000 ALTER TABLE `users` ENABLE KEYS */;
UNLOCK TABLES;
/*!40103 SET TIME_ZONE=@OLD_TIME_ZONE */;

/*!40101 SET SQL_MODE=@OLD_SQL_MODE */;
/*!40014 SET FOREIGN_KEY_CHECKS=@OLD_FOREIGN_KEY_CHECKS */;
/*!40014 SET UNIQUE_CHECKS=@OLD_UNIQUE_CHECKS */;
/*!40101 SET CHARACTER_SET_CLIENT=@OLD_CHARACTER_SET_CLIENT */;
/*!40101 SET CHARACTER_SET_RESULTS=@OLD_CHARACTER_SET_RESULTS */;
/*!40101 SET COLLATION_CONNECTION=@OLD_COLLATION_CONNECTION */;
/*!40111 SET SQL_NOTES=@OLD_SQL_NOTES */;

-- Dump completed on 2025-12-01 15:50:47
