-- MySQL dump 10.13  Distrib 8.0.43, for Linux (x86_64)
--
-- Host: localhost    Database: spmjp_dev_db
-- ------------------------------------------------------
-- Server version	8.0.43-0ubuntu0.24.04.1

/*!40101 SET @OLD_CHARACTER_SET_CLIENT=@@CHARACTER_SET_CLIENT */;
/*!40101 SET @OLD_CHARACTER_SET_RESULTS=@@CHARACTER_SET_RESULTS */;
/*!40101 SET @OLD_COLLATION_CONNECTION=@@COLLATION_CONNECTION */;
/*!50503 SET NAMES utf8mb4 */;
/*!40103 SET @OLD_TIME_ZONE=@@TIME_ZONE */;
/*!40103 SET TIME_ZONE='+00:00' */;
/*!40014 SET @OLD_UNIQUE_CHECKS=@@UNIQUE_CHECKS, UNIQUE_CHECKS=0 */;
/*!40014 SET @OLD_FOREIGN_KEY_CHECKS=@@FOREIGN_KEY_CHECKS, FOREIGN_KEY_CHECKS=0 */;
/*!40101 SET @OLD_SQL_MODE=@@SQL_MODE, SQL_MODE='NO_AUTO_VALUE_ON_ZERO' */;
/*!40111 SET @OLD_SQL_NOTES=@@SQL_NOTES, SQL_NOTES=0 */;

--
-- Table structure for table `countries`
--

DROP TABLE IF EXISTS `countries`;
/*!40101 SET @saved_cs_client     = @@character_set_client */;
/*!50503 SET character_set_client = utf8mb4 */;
CREATE TABLE `countries` (
  `id` varchar(60) NOT NULL,
  `created_at` datetime NOT NULL,
  `updated_at` datetime NOT NULL,
  `name` varchar(128) NOT NULL,
  PRIMARY KEY (`id`)
) ENGINE=InnoDB DEFAULT CHARSET=utf8mb4 COLLATE=utf8mb4_0900_ai_ci;
/*!40101 SET character_set_client = @saved_cs_client */;

--
-- Dumping data for table `countries`
--

LOCK TABLES `countries` WRITE;
/*!40000 ALTER TABLE `countries` DISABLE KEYS */;
INSERT INTO `countries` VALUES ('0015d36b-b449-4143-8a65-90a0d52d3166','2025-07-20 12:32:54','2025-07-20 12:32:54','Peru'),('00e8d339-06d7-4758-876c-700fc0458d8a','2025-07-20 12:32:54','2025-07-20 12:32:54','Ecuador'),('01ef45b7-a0be-4136-9403-0fec345c30c7','2025-07-27 09:11:24','2025-07-27 09:11:25','Russia'),('0389b69a-e25c-4664-9880-a40c627c4cfa','2025-07-27 08:50:27','2025-07-27 08:50:27','Latvia'),('11720a38-09d0-46ed-aaf8-a28039046e59','2025-07-16 11:25:43','2025-07-16 11:25:43','Sweden'),('12eef5c0-e555-44a4-a51b-d8fa8d826be6','2025-08-16 11:36:42','2025-08-16 11:36:42','France'),('139b1f3a-8b45-4bf1-9161-81ae4d1045f9','2025-07-16 15:40:30','2025-07-16 15:40:30','Ireland'),('16bc68b7-c1d6-46e2-874c-cce33ed51105','2025-08-16 11:36:42','2025-08-16 11:36:42','Scotland'),('1d277d4d-38fe-4473-a428-6b5a39949e18','2025-07-20 12:32:54','2025-07-20 12:32:54','Poland'),('22dec092-055c-42bc-bda3-c5c9f61612cf','2025-07-16 11:26:54','2025-07-16 11:26:54','China'),('24a2a834-c519-4d08-8245-eae60f03ae0c','2025-07-12 23:12:14','2025-07-12 23:12:15','England'),('25443ebb-75c2-4455-86cf-10276008ee15','2025-09-06 11:43:29','2025-09-06 11:43:29','Uruguay'),('329c6dad-a3db-4cfa-98eb-1b5dc334e852','2025-07-20 12:32:53','2025-07-20 12:32:53','Iceland'),('382aebc0-28d5-4c44-964b-8a1015f6f7a0','2025-07-17 08:55:38','2025-07-17 08:55:38','Colombia'),('399e9079-8e51-49c0-bdc3-2c985df175b4','2025-08-03 06:47:33','2025-08-03 06:47:34','Hungary'),('3a389de7-3328-448e-867d-b76d9fe0292b','2025-08-22 22:05:54','2025-08-22 22:05:54','Croatia'),('3ca1da65-d54d-4861-9100-cf08d14a5d3c','2025-07-17 15:56:41','2025-07-17 15:56:41','Finland'),('3d51df9b-4e4f-4873-93cb-771c8fffa585','2025-08-16 11:36:41','2025-08-16 11:36:41','Spain'),('40ffc72b-103f-43a2-8226-ead8b00b6e61','2025-07-16 11:25:18','2025-07-16 11:25:18','Norway'),('504a8512-93d5-4c9a-948d-00ea048ca493','2025-08-03 11:01:14','2025-08-03 11:01:14','Paraguay'),('5b658563-9bc6-4b6b-b15d-125c64af71b8','2025-07-20 12:32:54','2025-07-20 12:32:54','Slovenia'),('5c58c4af-0773-4ec2-9206-ecec8fca0b8b','2025-08-03 10:21:01','2025-08-03 10:21:01','Germany'),('5d8a989b-5067-4763-94ea-8d2514b4d73b','2025-07-27 09:44:22','2025-07-27 09:44:22','Chile'),('62e41745-ee54-4e2b-b9e7-c48ef3adb2df','2025-08-16 11:36:39','2025-08-16 11:36:41','Netherlands'),('781bd6e2-6df6-42eb-9ece-8a54e73f4760','2025-08-02 10:12:39','2025-08-02 10:12:39','Ukraine'),('7b0f7a18-cf11-484d-a5d8-38e16859faea','2025-08-02 09:54:14','2025-08-02 09:54:15','Switzerland'),('7b35b5e6-18f8-4879-8488-3f5e2bbbf03a','2025-07-20 12:32:53','2025-07-20 12:32:53','Belgium'),('7b42e63c-5650-425d-aac3-0d6097d65f47','2025-07-16 11:24:43','2025-07-16 11:24:43','Argentina'),('8ba3dde8-7f81-4776-a303-007ec2d1e9b9','2025-07-20 12:32:52','2025-07-20 12:32:52','Czechia'),('aaf4263a-d53e-49bb-93db-de62956fc23a','2025-07-17 14:22:11','2025-07-17 14:22:11','Sweden'),('b01f2cd1-0059-4106-b757-f1adf9fbb6aa','2025-07-20 12:32:53','2025-07-20 12:32:53','Mexico'),('b14b4eed-3d6f-4103-aae3-d6117e730a4a','2025-08-13 06:50:07','2025-08-13 06:50:12','Portugal'),('bd3daa4e-94cc-46bc-a8b8-7ec6e1122a6a','2025-09-06 10:08:25','2025-09-06 10:08:25','Europe'),('c72e0af2-3185-44ae-8c38-d3225f5ab5e1','2025-07-27 09:42:40','2025-07-27 09:42:40','Serbia'),('c92f9f05-a701-4015-b3f5-c34d29babeab','2025-07-20 12:32:53','2025-07-20 12:32:53','Estonia'),('dab4ea76-d1d6-4bfd-9ae3-72e4730ea47b','2025-08-22 21:28:43','2025-08-22 21:28:44','Italy'),('dc648be9-ded8-474f-8835-46b928165b2a','2025-07-27 09:33:49','2025-07-27 09:33:49','Denmark'),('e2382ec5-990d-4fcb-9ef4-a51be3d0bec4','2025-08-30 10:07:52','2025-08-30 10:07:53','Israel'),('eb558f96-e29c-4085-96c4-914f43eeab74','2025-07-16 11:26:03','2025-07-16 11:26:04','USA'),('f219bb9e-4bea-4c73-8704-cd14afcea2d4','2025-07-20 12:32:53','2025-07-20 12:32:53','Romania'),('f64d0aea-35cd-421b-b213-becb257f3efb','2025-07-16 08:28:01','2025-07-16 08:28:02','Brazil');
/*!40000 ALTER TABLE `countries` ENABLE KEYS */;
UNLOCK TABLES;

--
-- Table structure for table `leagues`
--

DROP TABLE IF EXISTS `leagues`;
/*!40101 SET @saved_cs_client     = @@character_set_client */;
/*!50503 SET character_set_client = utf8mb4 */;
CREATE TABLE `leagues` (
  `id` varchar(60) NOT NULL,
  `created_at` datetime NOT NULL,
  `updated_at` datetime NOT NULL,
  `country_id` varchar(60) NOT NULL,
  `name` varchar(128) NOT NULL,
  PRIMARY KEY (`id`),
  KEY `country_id` (`country_id`),
  CONSTRAINT `leagues_ibfk_1` FOREIGN KEY (`country_id`) REFERENCES `countries` (`id`)
) ENGINE=InnoDB DEFAULT CHARSET=utf8mb4 COLLATE=utf8mb4_0900_ai_ci;
/*!40101 SET character_set_client = @saved_cs_client */;

--
-- Dumping data for table `leagues`
--

LOCK TABLES `leagues` WRITE;
/*!40000 ALTER TABLE `leagues` DISABLE KEYS */;
INSERT INTO `leagues` VALUES ('02be4642-a819-45c7-8c42-9f54d4a75618','2025-07-17 07:31:18','2025-07-17 07:31:18','eb558f96-e29c-4085-96c4-914f43eeab74','USL Championship'),('1527b64d-cf8c-400d-ab1f-3a1c5972a7c0','2025-08-29 18:35:51','2025-08-29 18:35:53','16bc68b7-c1d6-46e2-874c-cce33ed51105','Premiership'),('177b1bea-a488-43a0-a150-5e1bc711f94f','2025-07-17 16:44:32','2025-07-17 16:44:32','f64d0aea-35cd-421b-b213-becb257f3efb','Serie A'),('2e759035-520b-46ad-aaae-5a5e110565ed','2025-07-27 11:40:01','2025-07-27 11:40:01','5d8a989b-5067-4763-94ea-8d2514b4d73b','Primera Division'),('3145feeb-feb7-4053-aa1d-225d54c5c910','2025-08-03 11:02:43','2025-08-03 11:02:43','504a8512-93d5-4c9a-948d-00ea048ca493','Division Profesional'),('3875010c-a8e7-4139-abce-d2b63b892128','2025-08-03 06:50:44','2025-08-03 06:50:44','399e9079-8e51-49c0-bdc3-2c985df175b4','NB II'),('3a83fb53-768f-4f9d-a217-f3d9f0a89ea9','2025-07-27 09:47:01','2025-07-27 09:47:01','5d8a989b-5067-4763-94ea-8d2514b4d73b','Primera B'),('3f0b1364-6ede-4bff-a0ed-e1b3a4dc741f','2025-08-22 21:30:43','2025-08-22 21:30:43','dab4ea76-d1d6-4bfd-9ae3-72e4730ea47b','Serie A'),('40bd6dff-cf30-4d42-bfa4-3779b2141d42','2025-07-20 13:09:07','2025-07-20 13:09:07','f64d0aea-35cd-421b-b213-becb257f3efb','Serie B'),('40c449f6-c3a4-4a26-bfdd-a472da95d12b','2025-08-16 16:16:37','2025-08-16 16:16:39','12eef5c0-e555-44a4-a51b-d8fa8d826be6','Ligue 1'),('4451d678-33cb-4b95-b8fa-21a0a51ed858','2025-08-02 10:14:25','2025-08-02 10:14:26','781bd6e2-6df6-42eb-9ece-8a54e73f4760','Premier League'),('458ef1d6-3001-4101-aa96-85d46a4624cb','2025-07-20 13:09:07','2025-07-20 13:09:07','1d277d4d-38fe-4473-a428-6b5a39949e18','Ekstraklasa'),('4722dcc7-0209-4176-9b05-3e9cf2c929b8','2025-07-13 00:03:41','2025-07-13 00:03:41','24a2a834-c519-4d08-8245-eae60f03ae0c','Premier League'),('48d5c321-e210-47bf-abfd-94e6bc5bb308','2025-07-17 07:27:34','2025-07-17 07:27:35','eb558f96-e29c-4085-96c4-914f43eeab74','MLS'),('4a9928bc-5708-4810-85d2-5266211f29ee','2025-08-30 16:31:57','2025-08-30 16:31:57','5c58c4af-0773-4ec2-9206-ecec8fca0b8b','Bundesliga'),('4b9309e9-8580-464f-b381-53dc25d95c8c','2025-09-06 11:44:32','2025-09-06 11:44:32','25443ebb-75c2-4455-86cf-10276008ee15','Liga AUF'),('4e000074-2fca-4f46-9fda-89685a93f3c8','2025-07-27 09:56:25','2025-07-27 09:56:25','c72e0af2-3185-44ae-8c38-d3225f5ab5e1','Super Liga'),('5e5ba6bc-197b-42af-a16f-4e5f0590d172','2025-07-20 13:09:07','2025-07-20 13:09:07','0015d36b-b449-4143-8a65-90a0d52d3166','Primera Division'),('62287133-4a2b-4e06-b987-bcced36828ec','2025-07-20 13:09:06','2025-07-20 13:09:06','7b35b5e6-18f8-4879-8488-3f5e2bbbf03a','First Division A'),('62acb8ed-da51-491f-92db-bc73b1e7b344','2025-07-27 08:53:02','2025-07-27 08:53:03','0389b69a-e25c-4664-9880-a40c627c4cfa','Virsliga'),('63d80fac-cc75-45e5-84dc-992a6695097f','2025-07-27 09:35:22','2025-07-27 09:35:22','dc648be9-ded8-474f-8835-46b928165b2a','Superliga'),('659e96bd-eb6b-41d3-823b-e8e1857549e5','2025-07-27 09:25:54','2025-07-27 09:25:54','1d277d4d-38fe-4473-a428-6b5a39949e18','I Liga'),('681705a3-4f87-40b3-89dd-122e6a82643a','2025-09-06 11:29:22','2025-09-06 11:29:22','1d277d4d-38fe-4473-a428-6b5a39949e18','II Liga'),('698f777d-223f-450d-9480-8e9d0f014848','2025-08-30 10:11:31','2025-08-30 10:11:31','e2382ec5-990d-4fcb-9ef4-a51be3d0bec4','Ligat Haal'),('6a2f30d3-6374-4e4e-ac0b-31b6270876fa','2025-08-22 22:07:21','2025-08-22 22:07:21','3a389de7-3328-448e-867d-b76d9fe0292b','HNL'),('6de3e86c-5405-4ff9-9523-0dd469ad369a','2025-08-16 13:37:54','2025-08-16 13:37:54','3d51df9b-4e4f-4873-93cb-771c8fffa585','La Liga'),('72e7c331-25ac-48ac-a98d-7c9b7ddd61b3','2025-08-22 21:29:40','2025-08-22 21:29:40','dab4ea76-d1d6-4bfd-9ae3-72e4730ea47b','Italy'),('7639e361-6652-434a-b85c-2be6db26fcf8','2025-07-20 13:09:05','2025-07-20 13:09:05','8ba3dde8-7f81-4776-a303-007ec2d1e9b9','Czech Liga'),('7bfcfdfb-5347-4959-bf45-38e5e08e2db3','2025-07-20 13:09:07','2025-07-20 13:09:07','b01f2cd1-0059-4106-b757-f1adf9fbb6aa','Liga MX'),('8417f721-956a-43f9-a48e-7bf75c48d090','2025-07-17 08:56:47','2025-07-17 08:56:47','382aebc0-28d5-4c44-964b-8a1015f6f7a0','Primera A'),('8ef00440-ac47-4ba2-9685-dd8a46753e45','2025-07-16 15:42:54','2025-07-16 15:42:54','139b1f3a-8b45-4bf1-9161-81ae4d1045f9','First Division'),('9ca25dac-c230-4aad-b9e9-5d6cd8e8688d','2025-07-20 13:09:07','2025-07-20 13:09:07','5b658563-9bc6-4b6b-b15d-125c64af71b8','1. SNL'),('a325096e-428e-438c-8ab9-65999230dac5','2025-09-06 11:17:32','2025-09-06 11:17:36','504a8512-93d5-4c9a-948d-00ea048ca493','Division Intermedia'),('a50a5aa3-3282-4d5b-814b-aa88cb9e13a1','2025-08-13 06:54:42','2025-08-13 06:54:42','b14b4eed-3d6f-4103-aae3-d6117e730a4a','Segunda Liga'),('a9185664-e680-4d5e-92ec-fdf11adf56b4','2025-09-06 12:01:48','2025-09-06 12:01:48','3d51df9b-4e4f-4873-93cb-771c8fffa585','Primera Division RFEF'),('aebabbfd-28c9-4c69-bd3e-ad259a81fea3','2025-08-16 14:49:46','2025-08-16 14:49:47','16bc68b7-c1d6-46e2-874c-cce33ed51105','League Cup'),('b3ceaddd-96ad-4df6-94b9-9363c604ac65','2025-08-17 11:03:41','2025-08-17 11:03:46','3d51df9b-4e4f-4873-93cb-771c8fffa585','Segunda Liga'),('b51bc482-1cc8-4d22-b7d6-c8d30ae60103','2025-07-20 13:09:06','2025-07-20 13:09:06','f219bb9e-4bea-4c73-8704-cd14afcea2d4','Liga I'),('b9e5cad5-aa04-4033-968f-958119fb1aae','2025-08-16 13:37:50','2025-08-16 13:37:53','62e41745-ee54-4e2b-b9e7-c48ef3adb2df','Eerste Divisie'),('bc9826d4-3bc3-4d5d-b4db-e9f0c0f42f94','2025-07-27 09:13:08','2025-07-27 09:13:09','01ef45b7-a0be-4136-9403-0fec345c30c7','Premier League'),('bddb47f9-8cc4-44e3-8d0e-2a9a3582f9b3','2025-07-20 13:09:06','2025-07-20 13:09:06','c92f9f05-a701-4015-b3f5-c34d29babeab','Meistriliiga'),('bf19022a-a6ba-4b0d-be9b-cc482c1465ad','2025-08-22 22:15:56','2025-08-22 22:15:56','dab4ea76-d1d6-4bfd-9ae3-72e4730ea47b','Serie B'),('bf6430f1-b07c-4f27-8239-ff80e5362277','2025-08-02 09:57:42','2025-08-02 09:57:42','7b0f7a18-cf11-484d-a5d8-38e16859faea','Super League'),('c02fbb39-557b-4938-aefc-0e38208440c4','2025-07-20 13:09:07','2025-07-20 13:09:07','00e8d339-06d7-4758-876c-700fc0458d8a','Liga Pro'),('c0b2895d-730e-4169-8221-59dffa97d788','2025-08-03 10:21:47','2025-08-03 10:21:48','5c58c4af-0773-4ec2-9206-ecec8fca0b8b','3. Liga'),('c3448dc4-b900-4015-8a19-5ecc4baa7849','2025-08-16 15:01:27','2025-08-16 15:01:27','b14b4eed-3d6f-4103-aae3-d6117e730a4a','Primeira Liga'),('c62a0273-33eb-48e6-90b6-454e64a56549','2025-09-06 10:11:14','2025-09-06 10:11:14','bd3daa4e-94cc-46bc-a8b8-7ec6e1122a6a','WC Qualifiers'),('ceda5196-df31-4a73-a350-a98fec17f15a','2025-07-17 16:02:06','2025-07-17 16:02:06','3ca1da65-d54d-4861-9100-cf08d14a5d3c','Ykkosliiga'),('d86e1297-98ab-4b8f-97e0-e6f5758b8516','2025-07-27 11:56:58','2025-07-27 11:56:58','f64d0aea-35cd-421b-b213-becb257f3efb','Serie C'),('de3db86b-0432-4ce2-bc8d-a04948a46aa7','2025-07-17 15:18:31','2025-07-17 15:18:31','40ffc72b-103f-43a2-8226-ead8b00b6e61','Eliteserien'),('eca82857-4084-4950-a311-1162b8e7b817','2025-08-16 13:37:53','2025-08-16 13:37:53','62e41745-ee54-4e2b-b9e7-c48ef3adb2df','Eredivisie'),('f0ffa9fc-38e2-4f1d-a524-e9abbf268183','2025-07-17 14:59:57','2025-07-17 14:59:57','11720a38-09d0-46ed-aaf8-a28039046e59','Allsvenskan'),('f48c8dac-5740-43d7-9448-3a25a27a789a','2025-07-20 13:09:08','2025-07-20 13:09:08','329c6dad-a3db-4cfa-98eb-1b5dc334e852','Besta Deild'),('fbb91e79-11a1-4581-bae7-21d0272217a6','2025-07-13 00:05:54','2025-07-13 00:05:54','24a2a834-c519-4d08-8245-eae60f03ae0c','Championship'),('fc3a760e-7451-490c-896b-1b9ce89c120a','2025-07-16 11:29:57','2025-07-16 11:29:57','7b42e63c-5650-425d-aac3-0d6097d65f47','Primera Nacional'),('fc899226-1b00-42ff-a997-0f82510f575e','2025-07-17 13:59:58','2025-07-17 14:00:00','22dec092-055c-42bc-bda3-c5c9f61612cf','China League One'),('ff9706de-402c-4ea5-b0c5-5a1bb22f6861','2025-09-06 10:43:06','2025-09-06 10:43:06','7b42e63c-5650-425d-aac3-0d6097d65f47','Super Copa');
/*!40000 ALTER TABLE `leagues` ENABLE KEYS */;
UNLOCK TABLES;

--
-- Table structure for table `matches`
--

DROP TABLE IF EXISTS `matches`;
/*!40101 SET @saved_cs_client     = @@character_set_client */;
/*!50503 SET character_set_client = utf8mb4 */;
CREATE TABLE `matches` (
  `id` varchar(60) NOT NULL,
  `created_at` datetime NOT NULL,
  `updated_at` datetime NOT NULL,
  `league_id` varchar(60) NOT NULL,
  `match_id` int NOT NULL,
  `home_team` varchar(60) NOT NULL,
  `away_team` varchar(60) NOT NULL,
  `h_t_odds` float NOT NULL,
  `x_odds` float NOT NULL,
  `a_t_odds` float NOT NULL,
  `h_t_pos` int NOT NULL,
  `a_t_pos` int NOT NULL,
  `h_t_form` varchar(10) DEFAULT NULL,
  `a_t_form` varchar(10) DEFAULT NULL,
  `h_t_win` int NOT NULL,
  `a_t_win` int NOT NULL,
  `h_t_draw` int NOT NULL,
  `a_t_draw` int NOT NULL,
  `h_t_lose` int NOT NULL,
  `a_t_lose` int NOT NULL,
  `h_t_win_percent` int NOT NULL,
  `a_t_win_percent` int NOT NULL,
  `results` varchar(10) DEFAULT NULL,
  `outcome` varchar(10) DEFAULT NULL,
  PRIMARY KEY (`id`),
  KEY `league_id` (`league_id`),
  CONSTRAINT `matches_ibfk_1` FOREIGN KEY (`league_id`) REFERENCES `leagues` (`id`)
) ENGINE=InnoDB DEFAULT CHARSET=utf8mb4 COLLATE=utf8mb4_0900_ai_ci;
/*!40101 SET character_set_client = @saved_cs_client */;

--
-- Dumping data for table `matches`
--

LOCK TABLES `matches` WRITE;
/*!40000 ALTER TABLE `matches` DISABLE KEYS */;
INSERT INTO `matches` VALUES ('03f3975d-1af5-4ccf-8abf-9617d9117076','2025-08-30 17:48:49','2025-08-30 17:48:49','40c449f6-c3a4-4a26-bfdd-a472da95d12b',489,'Lyon','Marseille',2.85,3.75,2.37,2,7,'WW','WL',2,1,0,0,0,1,100,50,'1:0','1'),('05d0a653-b190-4067-b2fb-d74ed2f1dc0b','2025-08-30 17:47:55','2025-08-30 17:47:55','c3448dc4-b900-4015-8a19-5ecc4baa7849',476,'Tondela','Estoril',2.95,3.1,2.5,18,13,'LLL','LD',0,0,0,1,0,1,0,33,'2:2','x'),('083564c8-443e-4e77-b34d-c20b7ed08177','2025-08-27 15:22:15','2025-08-27 15:22:15','40c449f6-c3a4-4a26-bfdd-a472da95d12b',468,'Lille','Monaco',3.1,3.6,2.26,9,2,'D','W',0,1,1,0,0,0,33,100,'1:0','1'),('0a5209f1-3e5f-4a9f-94e6-a1390f989eda','2025-08-22 17:16:01','2025-08-22 17:16:02','40c449f6-c3a4-4a26-bfdd-a472da95d12b',449,'Angers','Paris',3.15,3.45,2.32,0,0,NULL,NULL,0,0,0,0,0,0,0,0,'1:0','1'),('0abaafd1-944b-4614-add2-b39da1e40cd4','2025-08-03 17:00:49','2025-08-03 17:00:49','3875010c-a8e7-4139-abce-d2b63b892128',410,'Karcag','Soroksar',2.85,3.4,2.11,12,10,'L','D',0,0,0,1,1,0,0,33,'3:2','1'),('0de5f7e0-de44-4c58-bb4a-1bc74754ba61','2025-08-27 15:19:36','2025-08-27 15:19:36','f0ffa9fc-38e2-4f1d-a524-e9abbf268183',458,'Varnamo','Hacken',2.9,3.65,2.16,0,0,NULL,NULL,0,0,0,0,0,0,0,0,'1:5','2'),('0febd4f2-54a0-4632-908f-de8001336762','2025-07-27 16:30:03','2025-07-27 16:30:03','62287133-4a2b-4e06-b987-bcced36828ec',387,'OHL','Charleroi',2.8,3.35,2.46,0,0,NULL,NULL,0,0,0,0,0,0,0,0,'2:2','x'),('10f794cd-b5de-4ef2-91ba-15cd73f4d813','2025-08-27 15:19:39','2025-08-27 15:19:39','6a2f30d3-6374-4e4e-ac0b-31b6270876fa',463,'Osijek','Hajduk',2.9,3.1,2.31,9,2,'DLD','WWW',0,3,2,0,1,0,22,100,'0:2','2'),('1122452d-75b3-45d3-bb83-b4726fd49b98','2025-08-27 15:19:40','2025-08-27 15:19:40','659e96bd-eb6b-41d3-823b-e8e1857549e5',466,'P Sledlce','Puszcza',2.44,3.15,2.55,9,15,'DWWLLD','LDLDDD',2,0,2,4,2,2,44,22,'0:0','x'),('11a08a10-11bb-43f6-b7f6-5c3f2d78914c','2025-08-03 17:00:50','2025-08-03 17:00:50','3875010c-a8e7-4139-abce-d2b63b892128',412,'Bekescsaba','Szeged Csanad',3.4,3.25,1.93,7,6,'D','W',0,1,1,0,0,0,33,100,'1:1','x'),('130f4178-24c1-4f37-8867-3acf88dc33fc','2025-09-06 13:35:11','2025-09-06 13:35:11','a9185664-e680-4d5e-92ec-fdf11adf56b4',501,'Arenterio','Unionistas',2.39,2.85,2.85,16,17,'L','L',0,0,0,0,1,0,0,0,NULL,NULL),('15b82eaf-78ce-4016-9077-23c040cd281b','2025-09-06 13:35:12','2025-09-06 13:35:12','fc3a760e-7451-490c-896b-1b9ce89c120a',506,'Central Norte','Agropecuario',2.08,2.9,3.5,14,9,'LWDDL','WDWWD',9,11,6,9,14,9,38,48,NULL,NULL),('18116e54-da03-4bd6-b007-731fc1afe652','2025-08-03 17:00:50','2025-08-03 17:00:50','3875010c-a8e7-4139-abce-d2b63b892128',413,'Tiszakecske','Mezokovesd',2.13,3.1,3.05,5,4,'W','W',1,1,0,0,0,0,100,100,'1:1','x'),('183b6943-5179-414f-b4a3-39802b8ad3b9','2025-07-27 16:45:17','2025-07-27 16:45:18','3a83fb53-768f-4f9d-a217-f3d9f0a89ea9',393,'Antofagasta','Wanderers',2.27,3.15,2.75,12,3,'DLWLLW','LLWLWW',5,7,6,6,6,4,41,53,'4:1','1'),('1a9f00b0-c0b0-40b2-95c1-668b7a2adc3b','2025-07-27 16:45:19','2025-07-27 16:45:19','fc3a760e-7451-490c-896b-1b9ce89c120a',396,'Alvarado','Ferro',2.75,2.6,2.75,17,15,'DDLWW','DLDDL',4,6,9,8,9,9,32,38,'3:0','1'),('1c24ecd2-a4c6-4ad1-a8e5-06f20d024386','2025-08-27 15:22:15','2025-08-27 15:22:15','bf19022a-a6ba-4b0d-be9b-cc482c1465ad',470,'Frosinone','Avellino',2.27,3.05,3.1,0,0,NULL,NULL,0,0,0,0,0,0,0,0,'2:0','1'),('21054bc0-a81e-42c7-8aec-a569d520f8b7','2025-08-22 17:15:53','2025-08-22 17:15:55','eca82857-4084-4950-a311-1162b8e7b817',438,'Heracles','NEC',3.07,3.4,2.35,3,13,'W','L',1,0,0,0,0,1,100,0,'1:4','2'),('24eeb71b-ac02-480b-b2bc-dc2568a17fd5','2025-08-30 16:47:24','2025-08-30 16:47:24','63d80fac-cc75-45e5-84dc-992a6695097f',475,'OB','Nordsjaelland',2.5,3.7,2.55,7,10,'WDLWLW','WLLLLW',2,2,2,0,2,4,56,33,'1:2','2'),('283e4157-7ecb-4cec-9a37-31481b015867','2025-08-22 17:16:03','2025-08-22 17:16:03','b3ceaddd-96ad-4df6-94b9-9363c604ac65',454,'Huesca','Leganes',2.95,2.9,2.55,0,0,NULL,NULL,0,0,0,0,0,0,0,0,'1:1','x'),('299f1d93-cb79-41fc-84d2-caa70e66de7e','2025-08-22 17:15:58','2025-08-22 17:15:58','c3448dc4-b900-4015-8a19-5ecc4baa7849',444,'Rio Ave','Nacional',2.31,3.25,3.15,0,15,NULL,'L',0,0,0,0,0,1,0,0,'1:1','x'),('2a6a9847-4621-45a7-9a71-2420a8eae772','2025-08-27 15:22:15','2025-08-27 15:22:15','bf19022a-a6ba-4b0d-be9b-cc482c1465ad',469,'Catanzaro','Suditrol',2.26,3.05,3.25,0,0,NULL,NULL,0,0,0,0,0,0,0,0,'1:1','x'),('2ad3d668-5538-4b2c-9165-6f3dd85eee89','2025-07-27 16:45:19','2025-07-27 16:45:19','4e000074-2fca-4f46-9fda-89685a93f3c8',397,'FK IMT','Cukaricki',3,3.1,2.16,8,6,'D','W',0,1,1,0,0,0,33,100,'1:3','2'),('2bd2ceba-eef8-4e46-975c-7824b3fb9a25','2025-09-06 13:35:10','2025-09-06 13:35:10','a325096e-428e-438c-8ab9-65999230dac5',496,'Sol de America','River plate',2.4,3.2,2.55,14,7,'DDLLD','DWLDW',5,7,10,12,10,6,33,44,NULL,NULL),('30039908-529c-404d-823b-a5d5cc21fed4','2025-07-27 16:45:19','2025-07-27 16:45:19','fc3a760e-7451-490c-896b-1b9ce89c120a',399,'Temperley','Gimn Jujuy',2.75,2.35,3.11,6,2,'WWDDW','DDDWDW',10,11,8,10,5,2,55,62,'1:0','1'),('324d1a05-db45-4b05-97fd-93137125e047','2025-08-03 17:00:51','2025-08-03 17:00:51','c0b2895d-730e-4169-8221-59dffa97d788',417,'Wiesbaden','Ulm',2.39,3.35,2.6,0,0,NULL,NULL,0,0,0,0,0,0,0,0,'3:1','1'),('34c86154-a7ba-46e6-b5c2-0e472288878b','2025-09-06 13:35:10','2025-09-06 13:35:10','c3448dc4-b900-4015-8a19-5ecc4baa7849',494,'Estoril','Santa Clara',2.85,3,2.65,14,15,'DLD','DLL',0,0,2,1,1,2,22,11,NULL,NULL),('3c4146f0-8b34-49b2-a422-b17447822dbe','2025-07-27 16:52:21','2025-07-27 16:52:21','d86e1297-98ab-4b8f-97e0-e6f5758b8516',402,'Itabaiana','Ituano',2.29,2.95,2.9,19,10,'LDLWLL','LDWLDD',3,4,2,5,8,4,28,44,'3:1','1'),('3cc1172e-3494-4e04-9552-756984c20683','2025-08-30 17:48:49','2025-08-30 17:48:49','bf19022a-a6ba-4b0d-be9b-cc482c1465ad',490,'Bari','Monza',3.05,2.95,2.39,14,7,'L','W',0,1,0,0,1,0,0,100,'1:1','x'),('41c49438-f808-494d-9f11-d0cd7932cb4b','2025-08-27 15:19:37','2025-08-27 15:19:37','6de3e86c-5405-4ff9-9523-0dd469ad369a',459,'Osasuna','Valencia',2.43,3.2,3.15,16,11,'L','D',0,0,0,1,1,0,0,33,'1:0','1'),('41ff18dd-ad47-4294-889a-82d7ec5150cb','2025-07-27 16:45:19','2025-07-27 16:45:19','b51bc482-1cc8-4d22-b7d6-c8d30ae60103',398,'Otelul','Dinamo',2.55,2.95,2.65,13,10,'LD','DD',0,0,1,2,1,0,17,33,'2:1','1'),('4229471c-5500-4456-92fd-247731130afd','2025-08-22 17:16:02','2025-08-22 17:16:02','4722dcc7-0209-4176-9b05-3e9cf2c929b8',450,'Man Utd','Arsenal',4,3.65,1.94,0,0,NULL,NULL,0,0,0,0,0,0,0,0,'0:1','2'),('42979558-ed6a-4fb8-9206-b422561b2a40','2025-08-22 17:15:58','2025-08-22 17:15:59','bc9826d4-3bc3-4d5d-b4db-e9f0c0f42f94',445,'Dinamo M','CSKA',2.38,3.2,2.55,9,5,'DLWD','WDWDW',1,2,2,2,1,0,42,67,'1:3','2'),('45b3f2c0-ad34-49bc-ae2c-992e928a772b','2025-08-22 17:15:56','2025-08-22 17:15:56','eca82857-4084-4950-a311-1162b8e7b817',439,'Groningen','Heerenveen',2.07,3.4,3.45,14,11,'L','D',0,0,0,1,1,0,0,33,'2:1','1'),('491cbbc5-e89e-4ba5-aea6-2b189666cd2a','2025-07-27 16:45:17','2025-07-27 16:45:17','63d80fac-cc75-45e5-84dc-992a6695097f',392,'Nordsjaelland','Brondby',3.1,3.8,2.11,4,3,'W','W',1,1,0,0,0,0,100,100,'0:1','2'),('517f0ccd-755d-43d3-a336-3c1c25af5da8','2025-07-27 16:52:21','2025-07-27 16:52:21','d86e1297-98ab-4b8f-97e0-e6f5758b8516',403,'Caxias','Ponte Preta',2.17,2.75,3.35,1,2,'LWWWWW','WLWWDL',9,8,0,2,4,3,69,67,'2:1','1'),('56877ced-a192-4121-a5ed-21c9bbda2c44','2025-08-27 15:19:35','2025-08-27 15:19:35','4722dcc7-0209-4176-9b05-3e9cf2c929b8',457,'Everton','Brighton',3.05,3.35,2.41,14,9,'L','D',0,0,0,1,1,0,0,33,'2:0','1'),('57d4eaa5-fe07-4db2-a966-f8116ac021a6','2025-08-30 17:48:45','2025-08-30 17:48:46','de3db86b-0432-4ce2-bc8d-a04948a46aa7',478,'HamKam','Sarpsborg',2.6,3.6,2.41,13,12,'DWLLWD','LLLLLD',5,5,6,7,8,7,44,6,'1:3','2'),('5a6efadd-3dd7-4666-a46d-401706aed4cb','2025-08-03 17:00:52','2025-08-03 17:00:52','fc3a760e-7451-490c-896b-1b9ce89c120a',419,'Guemes','Dep Madryn',2.7,2.6,2.8,15,2,'DDDWW','WWDWD',4,10,14,10,6,4,36,56,'1:3','2'),('630cd172-e4d6-4889-bd95-fc184ddcd9be','2025-08-30 17:48:47','2025-08-30 17:48:47','6de3e86c-5405-4ff9-9523-0dd469ad369a',481,'Celta','Villareal',2.75,3.6,2.5,14,1,'DD','WW',0,2,2,0,0,0,33,100,'1:1','x'),('637e450f-eba3-4dbf-a663-916db8568d50','2025-08-27 15:22:15','2025-08-27 15:22:16','177b1bea-a488-43a0-a150-5e1bc711f94f',471,'Vasco','Corinthians',2.34,2.95,2.85,16,14,'LWDLD','LLDDD',5,5,4,7,10,10,33,37,'2:3','1'),('66e09ff4-4d70-4680-9207-c0dbfe5431e8','2025-07-27 16:30:02','2025-07-27 16:30:03','f48c8dac-5740-43d7-9448-3a25a27a789a',386,'Vestri','IBV',2.7,3.15,2.32,6,9,'LWLLLW','WDLLLL',6,5,1,3,8,7,42,40,'2:0','1'),('68308ec0-f4be-404c-a3fe-bbf219a17f55','2025-09-06 13:35:08','2025-09-06 13:35:09','3a83fb53-768f-4f9d-a217-f3d9f0a89ea9',492,'San Felipe','Curico Unido',1.83,3.15,3.75,14,13,'LLWLDW','DLLDDL',6,5,5,9,12,9,33,35,NULL,NULL),('68ab581a-b3aa-4757-b447-ea273b957022','2025-09-06 13:35:10','2025-09-06 13:35:10','681705a3-4f87-40b3-89dd-122e6a82643a',497,'Stal SW','Swit Szczecin',3.35,5.4,1.57,7,3,'LDDWW','WWWDD',2,3,3,2,1,1,50,61,NULL,NULL),('6a94459e-381a-49ad-ac2c-8866351c4fb0','2025-08-03 16:56:32','2025-08-03 16:56:32','62287133-4a2b-4e06-b987-bcced36828ec',405,'Cercle Brugge','Anderlecht',2.95,3.35,2.35,5,2,'WL','W',1,1,0,0,1,0,50,100,'0:2','2'),('6c20314c-f504-40d0-a63d-09c7f572c1fd','2025-08-03 16:56:32','2025-08-03 16:56:32','bf6430f1-b07c-4f27-8239-ff80e5362277',406,'Sion','Lugano',2.5,3.4,2.6,4,11,'W','L',1,0,0,0,0,1,100,0,'4:0','1'),('6db54731-1f60-4455-968b-6f5377864563','2025-08-30 17:48:47','2025-08-30 17:48:47','6a2f30d3-6374-4e4e-ac0b-31b6270876fa',482,'Lokomotiva','Osijek',2.9,3.3,2.21,3,10,'WLDW','LDDL',2,0,1,2,1,2,56,33,'1:1','x'),('6e009d12-ba59-4ead-b92c-a3a04b9eeab1','2025-08-30 17:48:49','2025-08-30 17:48:49','4a9928bc-5708-4810-85d2-5266211f29ee',488,'Koln','Freiburg',2.6,3.35,2.8,7,17,'W','L',1,0,0,0,0,1,100,0,'4:1','1'),('71c25df6-b65d-4df7-9ff2-9064296bfb66','2025-08-30 16:47:24','2025-08-30 16:47:24','6de3e86c-5405-4ff9-9523-0dd469ad369a',473,'Girona','Sevilla',2.45,3.35,3,20,18,'LL','LL',0,0,0,0,2,2,0,0,'0:2','2'),('746bcce0-403d-40b9-9c36-35893b2f4ae1','2025-09-06 13:35:12','2025-09-06 13:35:12','8417f721-956a-43f9-a48e-7bf75c48d090',504,'Envigado','Aguilas D',2.7,2.8,2.5,11,19,'WLDLWD','LLWDDL',2,1,4,4,3,4,37,26,NULL,NULL),('7d34dbae-687f-4132-b511-0ee43e12107e','2025-07-27 16:45:19','2025-07-27 16:45:19','fc3a760e-7451-490c-896b-1b9ce89c120a',400,'Colon','Gim Mendoza',2.75,2.7,2.7,13,3,'WWLLLL','LWWLDD',8,10,3,10,12,2,39,61,'0:2','2'),('80a402b0-2c07-48c4-a158-e96ac6f0c024','2025-07-27 16:45:19','2025-07-27 16:45:19','2e759035-520b-46ad-aaae-5a5e110565ed',401,'Univ Catolica','Coquimbo',2.7,2.75,2.55,5,1,'DWDDL','WLLWWW',7,10,5,5,4,1,54,73,'0:3','2'),('89e9ee2f-fbb5-40cc-8ce9-e6d327da62e5','2025-08-03 16:56:31','2025-08-03 16:56:31','63d80fac-cc75-45e5-84dc-992a6695097f',404,'AGF','Midtjylland',2.75,3.55,2.42,9,3,'LD','WD',0,1,1,1,1,0,33,66,'0:0','x'),('8a1b8125-3bd1-4ef3-90fc-ba428d3a5f92','2025-08-27 15:19:39','2025-08-27 15:19:39','bf19022a-a6ba-4b0d-be9b-cc482c1465ad',464,'Venezia','Bari',2.02,3.15,3.6,0,0,NULL,NULL,0,0,0,0,0,0,0,0,'2:1','1'),('8bd3efa6-3708-45cc-bdeb-aff3c263e349','2025-08-22 17:15:57','2025-08-22 17:15:57','6de3e86c-5405-4ff9-9523-0dd469ad369a',440,'Valencia','Real Sociedad',2.5,3.05,3.2,0,0,NULL,NULL,0,0,0,0,0,0,0,0,'1:1','x'),('8cca62de-2f98-4e0f-80d7-75c51724a649','2025-09-06 13:35:13','2025-09-06 13:35:13','3a83fb53-768f-4f9d-a217-f3d9f0a89ea9',507,'Concepcion','Cobreloa',2.35,2.9,2.85,7,5,'WLLDWW','DDWLWW',9,9,5,8,9,6,46,51,NULL,NULL),('8d5913dd-93a8-4b55-9f40-8a2c11f2aa16','2025-08-03 17:00:48','2025-08-03 17:00:49','659e96bd-eb6b-41d3-823b-e8e1857549e5',408,'P Siedlce','Odra',2.43,3.05,2.65,15,10,'DW','WD',0,1,1,0,1,1,17,50,'0:1','2'),('90b9ac24-59b5-4c0f-be44-5bb980845479','2025-08-03 17:00:49','2025-08-03 17:00:49','de3db86b-0432-4ce2-bc8d-a04948a46aa7',409,'KFUM','Rosenborg',2.28,3.4,2.9,9,4,'WWWDW','WDWLD',6,8,3,6,6,3,47,59,'4:1','1'),('96ce5fa8-ea42-4712-bc13-6209019f45c0','2025-08-03 17:00:51','2025-08-03 17:00:51','659e96bd-eb6b-41d3-823b-e8e1857549e5',416,'Gornika Leczna','Puszcza',2.44,3.15,2.55,16,13,'LL','DD',0,0,0,2,2,0,0,33,'2:2','x'),('975990f3-7876-4ea9-a9c8-e3b524692c11','2025-07-27 16:36:28','2025-07-27 16:36:28','bc9826d4-3bc3-4d5d-b4db-e9f0c0f42f94',390,'Orenburg','Dynamo Makh.',2.33,3.05,2.75,10,12,'D','L',1,0,0,0,0,1,33,0,'1:1','x'),('9c56304c-2210-4672-9077-95b25c5709ed','2025-08-30 17:48:48','2025-08-30 17:48:49','698f777d-223f-450d-9480-8e9d0f014848',487,'Beitar','M Haifa',2.39,3.5,2.5,3,1,'W','W',1,1,0,0,0,0,100,100,'0:0','x'),('9d8cb8eb-8a61-40de-a28f-85a7b982021f','2025-08-30 17:48:46','2025-08-30 17:48:46','bc9826d4-3bc3-4d5d-b4db-e9f0c0f42f94',480,'CSKA','Krasnodar',2.46,3.05,2.6,2,1,'WWWDWD','WWWWLW',4,5,2,0,0,1,72,95,'1:1','x'),('9dab2092-d71d-4611-8dea-bc011a698dde','2025-09-06 13:35:11','2025-09-06 13:35:11','4b9309e9-8580-464f-b381-53dc25d95c8c',499,'Cerro','Cerro Largo',2.8,2.8,2.44,10,5,'LWWLDL','LDWWW',2,3,1,1,2,1,47,67,NULL,NULL),('a259c1b2-a4bb-4d0e-856a-73d0ee775055','2025-09-06 13:35:07','2025-09-06 13:35:08','c62a0273-33eb-48e6-90b6-454e64a56549',491,'Ireland','Hungary',2.5,3,3.1,0,0,NULL,NULL,0,0,0,0,0,0,0,0,NULL,NULL),('a28a28bf-936e-4525-9762-988144d06179','2025-07-27 16:43:57','2025-07-27 16:43:57','458ef1d6-3001-4101-aa96-85d46a4624cb',391,'Polonia','Tychy',1.82,3.55,3.5,10,5,'D','W',0,1,1,0,0,0,33,100,'1:2','2'),('a4cd4cfb-bf91-4ad6-a17b-adcdf1060977','2025-09-06 13:35:11','2025-09-06 13:35:11','b3ceaddd-96ad-4df6-94b9-9363c604ac65',500,'Burgos','Las Palmas',2.33,3.05,3.1,11,13,'LDW','LWD',1,1,1,1,1,1,44,44,NULL,NULL),('a7845c6d-64d3-4f2d-983f-bcf0be16cca2','2025-08-27 15:19:37','2025-08-27 15:19:37','4722dcc7-0209-4176-9b05-3e9cf2c929b8',460,'Fulham','Man Utd',3.3,3.55,2.2,10,15,'D','W',0,0,1,0,0,1,33,0,'1:1','x'),('a7ac5bb2-5cc4-4be1-b768-09cf66f97eff','2025-08-03 17:00:52','2025-08-03 17:00:52','3145feeb-feb7-4053-aa1d-225d54c5c910',420,'Olimpia','Cerro Porteno',2.6,2.95,2.55,6,1,'WDWLD','WWDWW',2,4,2,1,1,0,53,87,'2:3','2'),('ac11b18b-ea5b-4751-9402-658a39ce0158','2025-08-30 17:48:48','2025-08-30 17:48:48','b3ceaddd-96ad-4df6-94b9-9363c604ac65',486,'Espanyol','Osasuna',2.41,3.2,3.2,9,12,'DW','WL',1,1,1,0,0,1,67,50,'1:0','1'),('af5f2c7e-4a6e-479c-9c49-d13be5bebb06','2025-09-06 13:35:09','2025-09-06 13:35:09','ff9706de-402c-4ea5-b0c5-5a1bb22f6861',493,'Velez','Cordoba SdE',2.15,2.8,3.35,0,0,'WWWWDL','WWLDWD',0,0,0,0,0,0,72,61,NULL,NULL),('af8bd3fd-c06c-4d93-be21-e50faa123713','2025-07-27 16:45:18','2025-07-27 16:45:18','4e000074-2fca-4f46-9fda-89685a93f3c8',394,'Napredak','Novi Pazar',2.46,3.1,2.55,1,0,'L',NULL,0,0,0,0,1,0,0,0,'2:2','x'),('b91077b4-a4c4-47fe-b850-14b48cac1c0b','2025-08-22 17:15:57','2025-08-22 17:15:57','eca82857-4084-4950-a311-1162b8e7b817',441,'Sparta','Utrecht',2.38,3.45,2.75,16,4,'L','W',0,1,0,0,0,0,0,100,'2:1','1'),('ba648ca4-eac3-4d1e-a590-aa011c209c42','2025-09-06 13:35:10','2025-09-06 13:35:10','b3ceaddd-96ad-4df6-94b9-9363c604ac65',495,'Ceuta','Huesca',2.65,3,2.7,22,5,'LLL','WWD',0,2,0,1,3,0,0,78,NULL,NULL),('bab23d8a-9c6e-483d-9a08-e6540e49d53e','2025-08-22 17:16:03','2025-08-22 17:16:03','62287133-4a2b-4e06-b987-bcced36828ec',453,'Cercle Brugge','Westerlo',2.15,3.7,3.05,15,11,'LDD','WDD',0,1,1,0,2,2,22,33,'4:1','1'),('bdd34989-5f3c-402b-9bab-691dd0279c9a','2025-08-22 17:16:03','2025-08-22 17:16:03','62287133-4a2b-4e06-b987-bcced36828ec',452,'Charleroi','Antwerp',2.35,3.3,3,13,7,'LDL','WDD',0,1,2,2,1,0,22,56,'1:1','x'),('c0d755c2-a71a-4a2e-91b4-c3cf12de3ca3','2025-08-22 17:15:57','2025-08-22 17:15:57','4722dcc7-0209-4176-9b05-3e9cf2c929b8',442,'Nottm Forest','Brentford',2.15,3.35,3.6,0,0,NULL,NULL,0,0,0,0,0,0,0,0,'3:1','1'),('c525c504-d832-419b-bca5-f4aae738aab5','2025-08-27 15:19:33','2025-08-27 15:19:34','3f0b1364-6ede-4bff-a0ed-e1b3a4dc741f',456,'Roma','Bologna',2.1,3.35,3.8,0,0,NULL,NULL,0,0,0,0,0,0,0,0,'1:0','1'),('c57eac9e-d4ce-482d-8e69-cd249cdad6ee','2025-08-30 16:47:24','2025-08-30 16:47:24','1527b64d-cf8c-400d-ab1f-3a1c5972a7c0',474,'Dundee','Dundee Utd',2.6,3.15,2.65,8,10,'DDL','LD',0,0,2,1,0,1,33,33,'0:2','2'),('c7f8ec0b-7c24-453e-98fb-4df0d6fc7b67','2025-08-03 17:00:51','2025-08-03 17:00:52','fc3a760e-7451-490c-896b-1b9ce89c120a',418,'Los Andes','Racing Cordoba',2.16,2.65,3.75,12,10,'LWLDL','LWLDW',7,7,7,9,10,8,39,42,'2:0','1'),('c91b80ce-35c2-4e50-8185-5294bcec32c8','2025-08-03 17:00:50','2025-08-03 17:00:50','458ef1d6-3001-4101-aa96-85d46a4624cb',411,'Motor','Jagiellonia',2.9,3.35,2.21,11,12,'LW','WL',1,1,0,0,1,1,50,50,'N/P','x'),('ca9c88d2-81d8-447b-ac1f-de94d74293d3','2025-07-27 16:30:04','2025-07-27 16:30:04','62acb8ed-da51-491f-92db-bc73b1e7b344',389,'Liepaja','Auda',2.5,3.35,2.39,4,3,'LWLWWW','LLDWWL',10,5,5,3,8,7,51,54,'2:0','1'),('cb0b5abc-81b7-408a-952e-0f8cf24210e3','2025-08-22 17:15:58','2025-08-22 17:15:58','aebabbfd-28c9-4c69-bd3e-ad259a81fea3',443,'Kilmarnock','Dundee',1.78,3.7,3.85,0,0,NULL,NULL,0,0,0,0,0,0,0,0,'2:1','1'),('cb97c550-2803-4f22-bb0d-a735dc3c4c33','2025-08-22 17:16:00','2025-08-22 17:16:01','40c449f6-c3a4-4a26-bfdd-a472da95d12b',448,'Metz','Strasbourg',3.45,3.5,2.32,0,0,NULL,NULL,0,0,0,0,0,0,0,0,'0:1',NULL),('cce317ba-7f09-4c8b-82a3-c2fa6ac8d5e7','2025-08-03 17:00:51','2025-08-03 17:00:51','3875010c-a8e7-4139-abce-d2b63b892128',414,'Csakvari','BVSC',2.7,3.05,2.39,2,1,'W','W',1,1,0,0,0,0,100,100,'2:0','1'),('d01542be-69de-4908-8e99-e5daf7d1956a','2025-08-27 15:19:40','2025-08-27 15:19:40','b3ceaddd-96ad-4df6-94b9-9363c604ac65',465,'Cultural','Almeria',2.95,3.45,2.21,21,11,'L','D',0,0,0,1,1,0,0,33,'0:1','2'),('d6185965-0eb5-4bb1-9f4c-28442c5716b0','2025-08-27 15:22:16','2025-08-27 15:22:16','40bd6dff-cf30-4d42-bfa4-3779b2141d42',472,'Paysandu','Operario FC',2.4,3,3.18,20,11,'LLDDD','DLWDW',3,8,9,6,10,8,30,43,NULL,NULL),('d729efd7-549c-4d6d-ac57-7b387c39eb4c','2025-08-30 17:48:48','2025-08-30 17:48:48','bf19022a-a6ba-4b0d-be9b-cc482c1465ad',484,'Suditrol','Sampdoria',2.47,3.1,2.75,11,19,'D','L',0,0,1,0,0,1,33,0,'3:1','1'),('d92e6b65-f6f5-41a0-b312-98b6144fe409','2025-08-30 17:48:46','2025-08-30 17:48:46','b3ceaddd-96ad-4df6-94b9-9363c604ac65',479,'Fc Andorra','Burgos',2.29,3.1,3.1,8,5,'WD','DW',1,1,1,1,0,0,83,83,'2:1','1'),('dbf3686a-2334-48d0-aaf7-9af3ba9b645e','2025-08-22 17:15:59','2025-08-22 17:16:00','de3db86b-0432-4ce2-bc8d-a04948a46aa7',446,'KFUM','Molde',2.75,3.05,2.6,8,9,'DWWWW','WWWLL',7,7,4,2,6,8,49,45,'0:0','x'),('de8ba4e3-9291-42e4-95ec-9fb34352ffd7','2025-09-06 13:35:12','2025-09-06 13:35:12','d86e1297-98ab-4b8f-97e0-e6f5758b8516',505,'Floresta','Caxias',2.7,2.6,2.75,0,0,NULL,NULL,0,0,0,0,0,0,0,0,NULL,NULL),('e06f21ed-7978-45e3-a9a1-d295293834d8','2025-08-03 17:00:51','2025-08-03 17:00:51','bc9826d4-3bc3-4d5d-b4db-e9f0c0f42f94',415,'Dynamo Makh.','Akhmat',3,2.85,2.31,12,13,'DL','LL',0,0,1,0,1,2,17,0,'1:0','1'),('e56eef40-dc80-4b63-ae65-63be7d348990','2025-09-06 13:35:12','2025-09-06 13:35:12','2e759035-520b-46ad-aaae-5a5e110565ed',503,'Cobresal','Palestino',2.55,3.2,2.39,7,2,'LDLLWW','WDLWDW',9,11,5,6,7,4,51,62,NULL,NULL),('e74bdae3-abdb-4d1d-8abe-37695b7b0acd','2025-08-27 15:19:38','2025-08-27 15:19:38','3f0b1364-6ede-4bff-a0ed-e1b3a4dc741f',461,'Como','Lazio',2.46,3.35,3,0,0,NULL,NULL,0,0,0,0,0,0,0,0,'2:0','1'),('e7d0be0e-a3f0-4a43-8e2a-8d2cf0455222','2025-08-27 15:19:38','2025-08-27 15:19:38','3f0b1364-6ede-4bff-a0ed-e1b3a4dc741f',462,'Cagliari','Fiorentina',3.3,3.3,2.29,0,0,NULL,NULL,0,0,0,0,0,0,0,0,'1:1','x'),('eb12dbb9-cc36-42d6-9c1f-c1f25428277d','2025-08-03 17:00:48','2025-08-03 17:00:48','4451d678-33cb-4b95-b8fa-21a0a51ed858',407,'Kaparty Lviv','Polissya',2.16,3,3.1,0,0,NULL,NULL,0,0,0,0,0,0,0,0,'0:2','2'),('ebef98e7-864b-4aad-be0b-8cc20e9b03f3','2025-08-22 17:16:02','2025-08-22 17:16:02','63d80fac-cc75-45e5-84dc-992a6695097f',451,'Randers','Broendby',2.65,3.6,2.46,3,2,'LWWD','WWWL',2,3,1,0,1,1,58,75,'0:2','1'),('ef45296f-e43b-42a5-b16f-6b0d19f69460','2025-07-27 16:45:18','2025-07-27 16:45:18','62287133-4a2b-4e06-b987-bcced36828ec',395,'Sint Truiden','Gent',2.13,3.6,3.2,0,0,NULL,NULL,0,0,0,0,0,0,0,0,'3:1','1'),('f0f27d68-d8cf-4f4f-b655-625e709aed9b','2025-08-27 15:22:14','2025-08-27 15:22:14','3875010c-a8e7-4139-abce-d2b63b892128',467,'Budapest','Paksi',2.17,3.8,2.55,0,0,NULL,NULL,0,0,0,0,0,0,0,0,'2:3','2'),('f29c1c4c-9fa2-4f83-88da-e2f20b0b3857','2025-08-30 17:48:48','2025-08-30 17:48:48','b3ceaddd-96ad-4df6-94b9-9363c604ac65',485,'Betis','Athletic',3,3.15,2.55,7,4,'DWD','WW',1,2,2,0,0,0,56,100,'1:2','2'),('f705098a-87a5-458a-901f-1fbceee1ccd4','2025-08-30 17:48:47','2025-08-30 17:48:47','3f0b1364-6ede-4bff-a0ed-e1b3a4dc741f',483,'Torino','Fiorentina',3.2,3.15,2.44,19,8,'L','D',0,0,0,1,1,0,0,33,'0:0','x'),('f7896fb8-f478-4855-a6c3-a913cd025529','2025-09-06 13:35:11','2025-09-06 13:35:11','b3ceaddd-96ad-4df6-94b9-9363c604ac65',502,'Cultural','Leganes',3.1,3.15,2.28,21,16,'LLL','DDD',0,0,0,3,3,0,0,33,NULL,NULL),('fb7e52cd-1d1f-48f5-932e-6033485769a5','2025-08-22 17:16:00','2025-08-22 17:16:00','40c449f6-c3a4-4a26-bfdd-a472da95d12b',447,'Auxerre','Lorient',2.48,3.3,3,0,0,NULL,NULL,0,0,0,0,0,0,0,0,'1:0','1'),('fdb6d2e3-7ff3-47e4-b943-4a99867f64af','2025-09-06 13:35:10','2025-09-06 13:35:10','681705a3-4f87-40b3-89dd-122e6a82643a',498,'Warta Poznan','Z Sosnowlec',2.6,3.15,2.38,17,14,'DDDDL','DDDLL',0,1,4,3,2,2,22,33,NULL,NULL);
/*!40000 ALTER TABLE `matches` ENABLE KEYS */;
UNLOCK TABLES;

--
-- Table structure for table `predictions`
--

DROP TABLE IF EXISTS `predictions`;
/*!40101 SET @saved_cs_client     = @@character_set_client */;
/*!50503 SET character_set_client = utf8mb4 */;
CREATE TABLE `predictions` (
  `id` varchar(60) NOT NULL,
  `created_at` datetime NOT NULL,
  `updated_at` datetime NOT NULL,
  `match_id` varchar(60) NOT NULL,
  `user_id` varchar(60) NOT NULL,
  `prediction` varchar(10) DEFAULT NULL,
  PRIMARY KEY (`id`),
  KEY `match_id` (`match_id`),
  KEY `user_id` (`user_id`),
  CONSTRAINT `predictions_ibfk_1` FOREIGN KEY (`match_id`) REFERENCES `matches` (`id`),
  CONSTRAINT `predictions_ibfk_2` FOREIGN KEY (`user_id`) REFERENCES `users` (`id`)
) ENGINE=InnoDB DEFAULT CHARSET=utf8mb4 COLLATE=utf8mb4_0900_ai_ci;
/*!40101 SET character_set_client = @saved_cs_client */;

--
-- Dumping data for table `predictions`
--

LOCK TABLES `predictions` WRITE;
/*!40000 ALTER TABLE `predictions` DISABLE KEYS */;
/*!40000 ALTER TABLE `predictions` ENABLE KEYS */;
UNLOCK TABLES;

--
-- Table structure for table `teams`
--

DROP TABLE IF EXISTS `teams`;
/*!40101 SET @saved_cs_client     = @@character_set_client */;
/*!50503 SET character_set_client = utf8mb4 */;
CREATE TABLE `teams` (
  `id` varchar(60) NOT NULL,
  `created_at` datetime NOT NULL,
  `updated_at` datetime NOT NULL,
  `league_id` varchar(60) NOT NULL,
  `name` varchar(60) NOT NULL,
  `position` int NOT NULL,
  `mp` int NOT NULL,
  `won` int NOT NULL,
  `drawn` int NOT NULL,
  `lost` int NOT NULL,
  `points` int NOT NULL,
  PRIMARY KEY (`id`),
  KEY `league_id` (`league_id`),
  CONSTRAINT `teams_ibfk_1` FOREIGN KEY (`league_id`) REFERENCES `leagues` (`id`)
) ENGINE=InnoDB DEFAULT CHARSET=utf8mb4 COLLATE=utf8mb4_0900_ai_ci;
/*!40101 SET character_set_client = @saved_cs_client */;

--
-- Dumping data for table `teams`
--

LOCK TABLES `teams` WRITE;
/*!40000 ALTER TABLE `teams` DISABLE KEYS */;
INSERT INTO `teams` VALUES ('0353c1e7-1994-4ab7-8104-62aab77e8240','2025-07-17 08:33:14','2025-07-17 08:33:14','02be4642-a819-45c7-8c42-9f54d4a75618','New Mexico Utd',3,15,8,1,6,25),('0a16fe61-cd0b-4278-b6eb-d663591aa229','2025-07-16 12:01:15','2025-07-16 12:01:15','fc3a760e-7451-490c-896b-1b9ce89c120a','Mitre SdE',8,22,8,7,7,31),('11417ea1-2522-4d70-8bbb-d1936695c8eb','2025-07-16 16:02:15','2025-07-16 16:02:15','8ef00440-ac47-4ba2-9685-dd8a46753e45','Kerry',9,22,0,0,0,21),('197f0d06-7edb-46de-8e34-a9297b22c01a','2025-07-17 16:51:12','2025-07-17 16:51:12','177b1bea-a488-43a0-a150-5e1bc711f94f','Mirassol',11,12,4,6,2,18),('38e7203a-59ee-4579-911e-6c2ebbecb2fa','2025-07-16 11:36:54','2025-07-16 11:36:54','fc3a760e-7451-490c-896b-1b9ce89c120a','Talleres',18,22,1,5,16,8),('506de33a-137f-43a3-b087-ce294da4c108','2025-07-17 16:51:12','2025-07-17 16:51:12','177b1bea-a488-43a0-a150-5e1bc711f94f','Fluminense',7,11,6,2,3,20),('63199d65-9c80-40b3-82c2-d20c0654abb0','2025-07-16 12:01:14','2025-07-16 12:01:15','fc3a760e-7451-490c-896b-1b9ce89c120a','Est Caseros',10,22,8,6,8,30),('647e4143-d7d3-421b-9bcb-a7ca163228d1','2025-07-17 09:01:32','2025-07-17 09:01:32','8417f721-956a-43f9-a48e-7bf75c48d090','Fortaleza',4,1,1,0,0,3),('6b97c49e-ac40-4f3c-8adb-d1c5c3312fa0','2025-07-17 08:33:12','2025-07-17 08:33:12','02be4642-a819-45c7-8c42-9f54d4a75618','Phoenix Rising',5,16,6,5,5,23),('6e6fb26d-0c13-4767-8357-4259a23e2f07','2025-07-16 12:01:16','2025-07-16 12:01:16','fc3a760e-7451-490c-896b-1b9ce89c120a','Chaco',6,22,11,3,8,36),('8a05a122-ee0e-4861-8f68-bd360434968f','2025-07-17 15:52:18','2025-07-17 15:52:18','de3db86b-0432-4ce2-bc8d-a04948a46aa7','Brann',2,15,9,3,3,30),('8f5c69c6-1a07-4a55-92d2-4d24a07f4a25','2025-07-17 08:33:12','2025-07-17 08:33:12','02be4642-a819-45c7-8c42-9f54d4a75618','Roots',11,16,5,2,9,17),('90995ebe-7b2e-450a-bd17-cb96742f321f','2025-07-17 14:12:59','2025-07-17 14:12:59','fc899226-1b00-42ff-a997-0f82510f575e','Zhiyun',6,16,6,4,6,22),('9382f012-0d7f-493b-aad3-9d8b5f4e0a65','2025-07-17 15:10:24','2025-07-17 15:10:24','f0ffa9fc-38e2-4f1d-a524-e9abbf268183','Hammarby',2,16,10,3,3,33),('9ba097e4-2cd7-4a98-a1db-1500e1fb5ea4','2025-07-17 08:33:11','2025-07-17 08:33:11','48d5c321-e210-47bf-abfd-94e6bc5bb308','Chicago',0,22,8,5,9,29),('a1f561ce-efb4-4bfe-9149-dd6e899919ec','2025-07-17 14:13:00','2025-07-17 14:13:00','fc899226-1b00-42ff-a997-0f82510f575e','Jiading',9,16,6,2,8,20),('a8936e8f-d720-4ba2-a391-791b34400f40','2025-07-17 08:33:12','2025-07-17 08:33:12','02be4642-a819-45c7-8c42-9f54d4a75618','Charleston',1,17,0,2,3,38),('ad71e2da-ffec-47af-b5d9-4427c555aae5','2025-07-16 12:01:15','2025-07-16 12:01:15','fc3a760e-7451-490c-896b-1b9ce89c120a','Gimn Jujuy',1,22,11,9,2,42),('b39c3299-81c5-4307-b5b7-f269859f91f1','2025-07-17 15:52:16','2025-07-17 15:52:17','de3db86b-0432-4ce2-bc8d-a04948a46aa7','Kristiansund',9,15,5,3,5,18),('b7f34201-b0da-4755-842f-7a694fc35ea6','2025-07-17 15:52:16','2025-07-17 15:52:16','de3db86b-0432-4ce2-bc8d-a04948a46aa7','Bryne',10,13,5,3,5,18),('c305b418-b4c9-4857-93e5-5ee3bb02ec1c','2025-07-17 15:52:16','2025-07-17 15:52:16','de3db86b-0432-4ce2-bc8d-a04948a46aa7','Valerenga',12,14,4,3,7,15),('c8fca9fa-8a29-4ad1-a2e2-c3f21c791b5e','2025-07-17 16:41:09','2025-07-17 16:41:09','ceda5196-df31-4a73-a350-a98fec17f15a','SalPa',10,14,1,3,10,6),('c9997b1a-cb1a-4c3b-a5e5-df66ef9568e1','2025-07-16 11:45:34','2025-07-16 11:45:34','fc3a760e-7451-490c-896b-1b9ce89c120a','San Telmo',21,0,6,9,6,27),('cc8ab101-6aa1-4917-8873-182099849a08','2025-07-16 16:02:15','2025-07-16 16:02:15','8ef00440-ac47-4ba2-9685-dd8a46753e45','Longford',7,23,0,0,0,25),('dae3486f-98db-467e-a273-4fe78354414b','2025-07-17 15:52:17','2025-07-17 15:52:17','de3db86b-0432-4ce2-bc8d-a04948a46aa7','Sarpsborg',6,13,5,6,2,21),('dcb1e5c5-8f6f-403e-b3c4-7e1ca0dd71e8','2025-07-17 09:01:33','2025-07-17 09:01:33','8417f721-956a-43f9-a48e-7bf75c48d090','Envigado',0,1,0,0,1,0),('de200100-74ae-4e90-a01a-ce1078ca6da2','2025-07-17 08:33:12','2025-07-17 08:33:12','02be4642-a819-45c7-8c42-9f54d4a75618','Lexington',9,16,4,6,6,18),('e988f3c4-c6d9-4a2c-bf3b-b6d32333b5c8','2025-07-17 08:33:11','2025-07-17 08:33:11','48d5c321-e210-47bf-abfd-94e6bc5bb308','San Diego',1,23,13,3,7,42),('ea0476e5-246a-4a08-86f4-68a8d86efba7','2025-07-17 15:10:23','2025-07-17 15:10:23','f0ffa9fc-38e2-4f1d-a524-e9abbf268183','GAIS',6,15,6,7,2,25),('efabbc28-c071-481b-96e9-5ed32d1c800e','2025-07-17 08:33:12','2025-07-17 08:33:12','02be4642-a819-45c7-8c42-9f54d4a75618','Miami',0,15,5,3,7,18),('f024ddbf-2b72-4026-8383-99558d5a3e67','2025-07-17 16:41:08','2025-07-17 16:41:08','ceda5196-df31-4a73-a350-a98fec17f15a','KaPa',9,15,2,3,10,9),('f84caac9-d64b-48d8-b089-8fd03c9af7cc','2025-07-17 08:33:10','2025-07-17 08:33:10','48d5c321-e210-47bf-abfd-94e6bc5bb308','Toronto',12,22,5,6,11,21),('fd47d76f-0d8b-45f9-b790-f596015e026a','2025-07-17 15:52:17','2025-07-17 15:52:17','de3db86b-0432-4ce2-bc8d-a04948a46aa7','Viking',1,16,11,3,2,36),('fe396edd-8de7-4074-b88c-8a8298d95feb','2025-07-17 08:33:11','2025-07-17 08:33:11','48d5c321-e210-47bf-abfd-94e6bc5bb308','Atlanta United',13,22,4,8,10,20);
/*!40000 ALTER TABLE `teams` ENABLE KEYS */;
UNLOCK TABLES;

--
-- Table structure for table `users`
--

DROP TABLE IF EXISTS `users`;
/*!40101 SET @saved_cs_client     = @@character_set_client */;
/*!50503 SET character_set_client = utf8mb4 */;
CREATE TABLE `users` (
  `id` varchar(60) NOT NULL,
  `created_at` datetime NOT NULL,
  `updated_at` datetime NOT NULL,
  `email` varchar(128) NOT NULL,
  `password` varchar(128) NOT NULL,
  `username` varchar(128) DEFAULT NULL,
  PRIMARY KEY (`id`)
) ENGINE=InnoDB DEFAULT CHARSET=utf8mb4 COLLATE=utf8mb4_0900_ai_ci;
/*!40101 SET character_set_client = @saved_cs_client */;

--
-- Dumping data for table `users`
--

LOCK TABLES `users` WRITE;
/*!40000 ALTER TABLE `users` DISABLE KEYS */;
INSERT INTO `users` VALUES ('2d3c3d62-d86b-446a-a4e1-e66a8802dda6','2025-07-13 00:22:24','2025-07-13 00:22:24','kmburu007@gmail.com','rootpwd','Mwelusi');
/*!40000 ALTER TABLE `users` ENABLE KEYS */;
UNLOCK TABLES;
/*!40103 SET TIME_ZONE=@OLD_TIME_ZONE */;

/*!40101 SET SQL_MODE=@OLD_SQL_MODE */;
/*!40014 SET FOREIGN_KEY_CHECKS=@OLD_FOREIGN_KEY_CHECKS */;
/*!40014 SET UNIQUE_CHECKS=@OLD_UNIQUE_CHECKS */;
/*!40101 SET CHARACTER_SET_CLIENT=@OLD_CHARACTER_SET_CLIENT */;
/*!40101 SET CHARACTER_SET_RESULTS=@OLD_CHARACTER_SET_RESULTS */;
/*!40101 SET COLLATION_CONNECTION=@OLD_COLLATION_CONNECTION */;
/*!40111 SET SQL_NOTES=@OLD_SQL_NOTES */;

-- Dump completed on 2025-09-10 13:22:42
